-- --------------------------------------------------------
-- Hôte :                        127.0.0.1
-- Version du serveur:           8.0.18 - MySQL Community Server - GPL
-- SE du serveur:                Win64
-- HeidiSQL Version:             10.3.0.5771
-- --------------------------------------------------------

/*!40101 SET @OLD_CHARACTER_SET_CLIENT=@@CHARACTER_SET_CLIENT */;
/*!40101 SET NAMES utf8 */;
/*!50503 SET NAMES utf8mb4 */;
/*!40014 SET @OLD_FOREIGN_KEY_CHECKS=@@FOREIGN_KEY_CHECKS, FOREIGN_KEY_CHECKS=0 */;
/*!40101 SET @OLD_SQL_MODE=@@SQL_MODE, SQL_MODE='NO_AUTO_VALUE_ON_ZERO' */;


-- Listage de la structure de la base pour costam_ecommerce
DROP DATABASE IF EXISTS `costam_ecommerce`;
CREATE DATABASE IF NOT EXISTS `costam_ecommerce` /*!40100 DEFAULT CHARACTER SET utf8 */ /*!80016 DEFAULT ENCRYPTION='N' */;
USE `costam_ecommerce`;

-- Listage de la structure de la table costam_ecommerce. administrators
DROP TABLE IF EXISTS `administrators`;
CREATE TABLE IF NOT EXISTS `administrators` (
  `id` int(11) NOT NULL AUTO_INCREMENT,
  `email` varchar(45) NOT NULL,
  `password` varchar(255) NOT NULL,
  PRIMARY KEY (`id`)
) ENGINE=InnoDB AUTO_INCREMENT=3 DEFAULT CHARSET=utf8;

-- Listage des données de la table costam_ecommerce.administrators : ~0 rows (environ)
/*!40000 ALTER TABLE `administrators` DISABLE KEYS */;
INSERT INTO `administrators` (`id`, `email`, `password`) VALUES
	(1, 'm.cabral@cpnv.ch', '$2y$10$3hmPadfG0akUdGpLfBAOHeuLvmz5Hw4eNI3K5KKhOgn0ZPgmwNPdS'),
	(2, 'admin@cpnv.ch', '$2y$10$3hmPadfG0akUdGpLfBAOHeuLvmz5Hw4eNI3K5KKhOgn0ZPgmwNPdS');
/*!40000 ALTER TABLE `administrators` ENABLE KEYS */;

-- Listage de la structure de la table costam_ecommerce. articles
DROP TABLE IF EXISTS `articles`;
CREATE TABLE IF NOT EXISTS `articles` (
  `id` int(11) NOT NULL AUTO_INCREMENT,
  `name` varchar(40) NOT NULL,
  `releaseYear` smallint(4) NOT NULL,
  `pathFileCover` varchar(80) NOT NULL,
  `price` decimal(5,2) NOT NULL,
  `quantity` smallint(5) NOT NULL,
  `articleType_id` int(11) NOT NULL,
  `artist_id` int(11) NOT NULL,
  `label_id` int(11) NOT NULL,
  `genre_id` int(11) NOT NULL,
  `vinyleFormat_id` int(11) DEFAULT NULL,
  PRIMARY KEY (`id`),
  KEY `fk_Articles_ArticleType_idx` (`articleType_id`),
  KEY `fk_Articles_Artists1_idx` (`artist_id`),
  KEY `fk_Articles_Labels1_idx` (`label_id`),
  KEY `fk_Articles_Genres1_idx` (`genre_id`),
  KEY `fk_Articles_Formats1_idx` (`vinyleFormat_id`),
  CONSTRAINT `fk_Articles_ArticleType` FOREIGN KEY (`articleType_id`) REFERENCES `articletypes` (`id`) ON UPDATE CASCADE,
  CONSTRAINT `fk_Articles_Artists1` FOREIGN KEY (`artist_id`) REFERENCES `artists` (`id`) ON UPDATE CASCADE,
  CONSTRAINT `fk_Articles_Formats1` FOREIGN KEY (`vinyleFormat_id`) REFERENCES `vinyleformats` (`id`) ON DELETE RESTRICT ON UPDATE CASCADE,
  CONSTRAINT `fk_Articles_Genres1` FOREIGN KEY (`genre_id`) REFERENCES `genres` (`id`) ON DELETE RESTRICT ON UPDATE CASCADE,
  CONSTRAINT `fk_Articles_Labels1` FOREIGN KEY (`label_id`) REFERENCES `labels` (`id`) ON DELETE RESTRICT ON UPDATE CASCADE
) ENGINE=InnoDB AUTO_INCREMENT=62 DEFAULT CHARSET=utf8;

-- Listage des données de la table costam_ecommerce.articles : ~11 rows (environ)
/*!40000 ALTER TABLE `articles` DISABLE KEYS */;
INSERT INTO `articles` (`id`, `name`, `releaseYear`, `pathFileCover`, `price`, `quantity`, `articleType_id`, `artist_id`, `label_id`, `genre_id`, `vinyleFormat_id`) VALUES
	(1, 'True', 2013, 'view/content/images/covers/1True.jpg', 25.00, 44, 1, 10, 1, 3, NULL),
	(2, 'Bonheur Indigo', 2019, 'view/content/images/covers/2Bonheur Indigo.jpg', 15.00, 11, 1, 5, 2, 7, NULL),
	(3, 'Hard II Love', 2016, 'view/content/images/covers/3Hard II Love.jpg', 17.00, 5, 1, 7, 3, 2, NULL),
	(4, 'UnderClass Hero', 2007, 'view/content/images/covers/4UnderClass Hero.jpg', 18.00, 10, 2, 12, 4, 4, 2),
	(5, 'Thriller', 1982, 'view/content/images/covers/5Thriller.jpg', 30.00, 24, 2, 11, 5, 2, 1),
	(6, 'Cyborg', 2016, 'view/content/images/covers/6Cyborg.jpg', 30.00, 19, 1, 13, 6, 1, NULL),
	(7, 'Kamikaze', 2018, 'view/content/images/covers/7Kamikaze.jpg', 25.00, 149, 1, 1, 7, 1, NULL),
	(8, 'A Head Full Of Dreams', 2015, 'view/content/images/covers/8A Head Full Of Dreams.jpg', 22.00, 94, 2, 6, 8, 2, 4),
	(9, 'Chocolat', 2019, 'view/content/images/covers/9Chocolat.jpg', 28.00, 0, 2, 9, 9, 1, 3);
/*!40000 ALTER TABLE `articles` ENABLE KEYS */;

-- Listage de la structure de la table costam_ecommerce. articletypes
DROP TABLE IF EXISTS `articletypes`;
CREATE TABLE IF NOT EXISTS `articletypes` (
  `id` int(11) NOT NULL AUTO_INCREMENT,
  `name` varchar(30) NOT NULL,
  PRIMARY KEY (`id`)
) ENGINE=InnoDB AUTO_INCREMENT=3 DEFAULT CHARSET=utf8;

-- Listage des données de la table costam_ecommerce.articletypes : ~2 rows (environ)
/*!40000 ALTER TABLE `articletypes` DISABLE KEYS */;
INSERT INTO `articletypes` (`id`, `name`) VALUES
	(1, 'Album CD'),
	(2, 'Vinyle');
/*!40000 ALTER TABLE `articletypes` ENABLE KEYS */;

-- Listage de la structure de la table costam_ecommerce. artists
DROP TABLE IF EXISTS `artists`;
CREATE TABLE IF NOT EXISTS `artists` (
  `id` int(11) NOT NULL AUTO_INCREMENT,
  `name` varchar(45) NOT NULL,
  `country_id` int(11) NOT NULL,
  PRIMARY KEY (`id`),
  KEY `fk_Artists_Countries1_idx` (`country_id`),
  CONSTRAINT `fk_Artists_Countries1` FOREIGN KEY (`country_id`) REFERENCES `countries` (`id`) ON UPDATE CASCADE
) ENGINE=InnoDB AUTO_INCREMENT=47 DEFAULT CHARSET=utf8;

-- Listage des données de la table costam_ecommerce.artists : ~19 rows (environ)
/*!40000 ALTER TABLE `artists` DISABLE KEYS */;
INSERT INTO `artists` (`id`, `name`, `country_id`) VALUES
	(1, 'Eminem', 198),
	(2, 'Stromae', 18),
	(3, 'Tokio Hotel', 68),
	(4, 'Imagine Dragons', 198),
	(5, 'Yannick Noah', 64),
	(6, 'Coldplay', 27),
	(7, 'Usher', 198),
	(8, 'Dua Lipa', 2),
	(9, 'Roméo Elvis', 18),
	(10, 'Avicii', 180),
	(11, 'Michael Jackson', 198),
	(12, 'Sum41', 35),
	(13, 'Nekfeu', 64);
/*!40000 ALTER TABLE `artists` ENABLE KEYS */;

-- Listage de la structure de la table costam_ecommerce. artists_has_musics
DROP TABLE IF EXISTS `artists_has_musics`;
CREATE TABLE IF NOT EXISTS `artists_has_musics` (
  `id` int(11) NOT NULL AUTO_INCREMENT,
  `artist_id` int(11) NOT NULL,
  `music_id` int(11) NOT NULL,
  PRIMARY KEY (`id`),
  KEY `fk_Artists_has_Musics_Musics1_idx` (`music_id`),
  KEY `fk_Artists_has_Musics_Artists1_idx` (`artist_id`),
  CONSTRAINT `fk_Artists_has_musics_Artists1` FOREIGN KEY (`artist_id`) REFERENCES `artists` (`id`),
  CONSTRAINT `fk_Artists_has_musics_Musics1` FOREIGN KEY (`music_id`) REFERENCES `musics` (`id`)
) ENGINE=InnoDB DEFAULT CHARSET=utf8;

-- Listage des données de la table costam_ecommerce.artists_has_musics : ~0 rows (environ)
/*!40000 ALTER TABLE `artists_has_musics` DISABLE KEYS */;
/*!40000 ALTER TABLE `artists_has_musics` ENABLE KEYS */;

-- Listage de la structure de la table costam_ecommerce. cities
DROP TABLE IF EXISTS `cities`;
CREATE TABLE IF NOT EXISTS `cities` (
  `id` int(11) NOT NULL AUTO_INCREMENT,
  `name` varchar(35) NOT NULL,
  `zip` smallint(4) NOT NULL,
  PRIMARY KEY (`id`)
) ENGINE=InnoDB AUTO_INCREMENT=4134 DEFAULT CHARSET=utf8;

-- Listage des données de la table costam_ecommerce.cities : ~4 133 rows (environ)
/*!40000 ALTER TABLE `cities` DISABLE KEYS */;
INSERT INTO `cities` (`id`, `name`, `zip`) VALUES
	(1, 'Aeugst am Albis', 8914),
	(2, 'Aeugstertal', 8914),
	(3, 'Zwillikon', 8909),
	(4, 'Affoltern am Albis', 8910),
	(5, 'Bonstetten', 8906),
	(6, 'Hausen am Albis', 8915),
	(7, 'Ebertswil', 8925),
	(8, 'Hedingen', 8908),
	(9, 'Kappel am Albis', 8926),
	(10, 'Hauptikon', 8926),
	(11, 'Uerzlikon', 8926),
	(12, 'Knonau', 8934),
	(13, 'Maschwanden', 8933),
	(14, 'Mettmenstetten', 8932),
	(15, 'Obfelden', 8912),
	(16, 'Ottenbach', 8913),
	(17, 'Rifferswil', 8911),
	(18, 'Stallikon', 8143),
	(19, 'Uetliberg', 8143),
	(20, 'Wettswil', 8907),
	(21, 'Adlikon b. Andelfingen', 8452),
	(22, 'Benken ZH', 8463),
	(23, 'Berg am Irchel', 8415),
	(24, 'Gräslikon', 8415),
	(25, 'Buch am Irchel', 8414),
	(26, 'Dachsen', 8447),
	(27, 'Dorf', 8458),
	(28, 'Feuerthalen', 8245),
	(29, 'Langwiesen', 8246),
	(30, 'Flaach', 8416),
	(31, 'Flurlingen', 8247),
	(32, 'Andelfingen', 8450),
	(33, 'Henggart', 8444),
	(34, 'Humlikon', 8457),
	(35, 'Kleinandelfingen', 8451),
	(36, 'Alten', 8453),
	(37, 'Oerlingen', 8461),
	(38, 'Nohl', 8212),
	(39, 'Uhwiesen', 8248),
	(40, 'Marthalen', 8460),
	(41, 'Ellikon am Rhein', 8464),
	(42, 'Ossingen', 8475),
	(43, 'Rheinau', 8462),
	(44, 'Thalheim an der Thur', 8478),
	(45, 'Rudolfingen', 8465),
	(46, 'Wildensbuch', 8465),
	(47, 'Trüllikon', 8466),
	(48, 'Truttikon', 8467),
	(49, 'Volken', 8459),
	(50, 'Bachenbülach', 8184),
	(51, 'Bassersdorf', 8303),
	(52, 'Bülach', 8180),
	(53, 'Dietlikon', 8305),
	(54, 'Eglisau', 8193),
	(55, 'Embrach', 8424),
	(56, 'Freienstein', 8427),
	(57, 'Teufen ZH', 8428),
	(58, 'Glattfelden', 8192),
	(59, 'Zweidlen', 8192),
	(60, 'Hochfelden', 8182),
	(61, 'Höri', 8181),
	(62, 'Hüntwangen', 8194),
	(63, 'Kloten', 8302),
	(64, 'Lufingen', 8426),
	(65, 'Nürensdorf', 8309),
	(66, 'Oberembrach', 8425),
	(67, 'Glattbrugg', 8152),
	(68, 'Opfikon', 8152),
	(69, 'Glattpark (Opfikon)', 8152),
	(70, 'Rafz', 8197),
	(71, 'Rorbas', 8427),
	(72, 'Wallisellen', 8304),
	(73, 'Wasterkingen', 8195),
	(74, 'Wil ZH', 8196),
	(75, 'Winkel', 8185),
	(76, 'Bachs', 8164),
	(77, 'Boppelsen', 8113),
	(78, 'Buchs ZH', 8107),
	(79, 'Dällikon', 8108),
	(80, 'Dänikon ZH', 8114),
	(81, 'Dielsdorf', 8157),
	(82, 'Hüttikon', 8115),
	(83, 'Neerach', 8173),
	(84, 'Niederglatt ZH', 8172),
	(85, 'Niederhasli', 8155),
	(86, 'Nassenwil', 8155),
	(87, 'Oberhasli', 8156),
	(88, 'Niederweningen', 8166),
	(89, 'Oberglatt ZH', 8154),
	(90, 'Oberweningen', 8165),
	(91, 'Otelfingen', 8112),
	(92, 'Regensberg', 8158),
	(93, 'Regensdorf', 8105),
	(94, 'Watt', 8105),
	(95, 'Adlikon b. Regensdorf', 8106),
	(96, 'Rümlang', 8153),
	(97, 'Schleinikon', 8165),
	(98, 'Schöfflisdorf', 8165),
	(99, 'Stadel b. Niederglatt', 8174),
	(100, 'Windlach', 8175),
	(101, 'Steinmaur', 8162),
	(102, 'Sünikon', 8162),
	(103, 'Weiach', 8187),
	(104, 'Bäretswil', 8344),
	(105, 'Adetswil', 8345),
	(106, 'Bubikon', 8608),
	(107, 'Wolfhausen', 8633),
	(108, 'Tann', 8632),
	(109, 'Dürnten', 8635),
	(110, 'Steg im Tösstal', 8496),
	(111, 'Fischenthal', 8497),
	(112, 'Gibswil', 8498),
	(113, 'Bertschikon (Gossau ZH)', 8614),
	(114, 'Grüt (Gossau ZH)', 8624),
	(115, 'Gossau ZH', 8625),
	(116, 'Ottikon (Gossau ZH)', 8626),
	(117, 'Grüningen', 8627),
	(118, 'Hinwil', 8340),
	(119, 'Wernetshausen', 8342),
	(120, 'Rüti ZH', 8630),
	(121, 'Aathal-Seegräben', 8607),
	(122, 'Wald ZH', 8636),
	(123, 'Laupen ZH', 8637),
	(124, 'Wetzikon ZH', 8620),
	(125, 'Wetzikon ZH', 8623),
	(126, 'Adliswil', 8134),
	(127, 'Kilchberg ZH', 8802),
	(128, 'Langnau am Albis', 8135),
	(129, 'Oberrieden', 8942),
	(130, 'Richterswil', 8805),
	(131, 'Samstagern', 8833),
	(132, 'Rüschlikon', 8803),
	(133, 'Gattikon', 8136),
	(134, 'Thalwil', 8800),
	(135, 'Erlenbach ZH', 8703),
	(136, 'Herrliberg', 8704),
	(137, 'Hombrechtikon', 8634),
	(138, 'Feldbach', 8714),
	(139, 'Forch', 8127),
	(140, 'Küsnacht ZH', 8700),
	(141, 'Männedorf', 8708),
	(142, 'Meilen', 8706),
	(143, 'Oetwil am See', 8618),
	(144, 'Stäfa', 8712),
	(145, 'Uerikon', 8713),
	(146, 'Uetikon am See', 8707),
	(147, 'Zumikon', 8126),
	(148, 'Zollikerberg', 8125),
	(149, 'Zollikon', 8702),
	(150, 'Fehraltorf', 8320),
	(151, 'Hittnau', 8335),
	(152, 'Kemptthal', 8310),
	(153, 'Grafstal', 8310),
	(154, 'Winterberg ZH', 8312),
	(155, 'Lindau', 8315),
	(156, 'Tagelswangen', 8317),
	(157, 'Pfäffikon ZH', 8330),
	(158, 'Auslikon', 8331),
	(159, 'Madetswil', 8322),
	(160, 'Gündisau', 8322),
	(161, 'Russikon', 8332),
	(162, 'Rumlikon', 8332),
	(163, 'Weisslingen', 8484),
	(164, 'Neschwil', 8484),
	(165, 'Theilingen', 8484),
	(166, 'Wila', 8492),
	(167, 'Wildberg', 8489),
	(168, 'Schalchen', 8489),
	(169, 'Ehrikon', 8489),
	(170, 'Gockhausen', 8044),
	(171, 'Dübendorf', 8600),
	(172, 'Egg b. Zürich', 8132),
	(173, 'Hinteregg', 8132),
	(174, 'Esslingen', 8133),
	(175, 'Fällanden', 8117),
	(176, 'Pfaffhausen', 8118),
	(177, 'Benglen', 8121),
	(178, 'Greifensee', 8606),
	(179, 'Binz', 8122),
	(180, 'Ebmatingen', 8123),
	(181, 'Maur', 8124),
	(182, 'Mönchaltorf', 8617),
	(183, 'Schwerzenbach', 8603),
	(184, 'Nänikon', 8606),
	(185, 'Uster', 8610),
	(186, 'Sulzbach', 8614),
	(187, 'Wermatswil', 8615),
	(188, 'Freudwil', 8615),
	(189, 'Riedikon', 8616),
	(190, 'Volketswil', 8604),
	(191, 'Gutenswil', 8605),
	(192, 'Brüttisellen', 8306),
	(193, 'Wangen b. Dübendorf', 8602),
	(194, 'Altikon', 8479),
	(195, 'Brütten', 8311),
	(196, 'Rutschwil (Dägerlen)', 8471),
	(197, 'Dägerlen', 8471),
	(198, 'Oberwil (Dägerlen)', 8471),
	(199, 'Berg (Dägerlen)', 8471),
	(200, 'Bänk (Dägerlen)', 8471),
	(201, 'Dättlikon', 8421),
	(202, 'Dinhard', 8474),
	(203, 'Ellikon an der Thur', 8548),
	(204, 'Elsau', 8352),
	(205, 'Hagenbuch ZH', 8523),
	(206, 'Hettlingen', 8442),
	(207, 'Aesch (Neftenbach)', 8412),
	(208, 'Riet (Neftenbach)', 8412),
	(209, 'Hünikon (Neftenbach)', 8412),
	(210, 'Neftenbach', 8413),
	(211, 'Pfungen', 8422),
	(212, 'Rickenbach ZH', 8545),
	(213, 'Rickenbach Sulz', 8545),
	(214, 'Schlatt ZH', 8418),
	(215, 'Seuzach', 8472),
	(216, 'Turbenthal', 8488),
	(217, 'Schmidrüti', 8495),
	(218, 'Ricketwil (Winterthur)', 8352),
	(219, 'Winterthur', 8400),
	(220, 'Winterthur', 8404),
	(221, 'Reutlingen (Winterthur)', 8404),
	(222, 'Stadel (Winterthur)', 8404),
	(223, 'Winterthur', 8405),
	(224, 'Winterthur', 8406),
	(225, 'Winterthur', 8408),
	(226, 'Winterthur', 8409),
	(227, 'Sennhof (Winterthur)', 8482),
	(228, 'Kollbrunn', 8483),
	(229, 'Rikon im Tösstal', 8486),
	(230, 'Zell ZH', 8487),
	(231, 'Rämismühle', 8487),
	(232, 'Aesch ZH', 8904),
	(233, 'Birmensdorf ZH', 8903),
	(234, 'Dietikon', 8953),
	(235, 'Fahrweid', 8951),
	(236, 'Geroldswil', 8954),
	(237, 'Oberengstringen', 8102),
	(238, 'Oetwil an der Limmat', 8955),
	(239, 'Schlieren', 8952),
	(240, 'Uitikon Waldegg', 8142),
	(241, 'Unterengstringen', 8103),
	(242, 'Urdorf', 8902),
	(243, 'Weiningen ZH', 8104),
	(244, 'Zürich', 8001),
	(245, 'Zürich', 8002),
	(246, 'Zürich', 8003),
	(247, 'Zürich', 8004),
	(248, 'Zürich', 8005),
	(249, 'Zürich', 8006),
	(250, 'Zürich', 8008),
	(251, 'Zürich', 8032),
	(252, 'Zürich', 8037),
	(253, 'Zürich', 8038),
	(254, 'Zürich', 8041),
	(255, 'Zürich', 8044),
	(256, 'Zürich', 8045),
	(257, 'Zürich', 8046),
	(258, 'Zürich', 8047),
	(259, 'Zürich', 8048),
	(260, 'Zürich', 8049),
	(261, 'Zürich', 8050),
	(262, 'Zürich', 8051),
	(263, 'Zürich', 8052),
	(264, 'Zürich', 8053),
	(265, 'Zürich', 8055),
	(266, 'Zürich', 8057),
	(267, 'Zürich', 8064),
	(268, 'Waltalingen', 8468),
	(269, 'Guntalingen', 8468),
	(270, 'Unterstammheim', 8476),
	(271, 'Oberstammheim', 8477),
	(272, 'Wilen b. Neunforn', 8525),
	(273, 'Au ZH', 8804),
	(274, 'Wädenswil', 8820),
	(275, 'Schönenberg ZH', 8824),
	(276, 'Hütten', 8825),
	(277, 'Elgg', 8353),
	(278, 'Hofstetten ZH', 8354),
	(279, 'Dickbuch', 8354),
	(280, 'Sihlbrugg Station', 8135),
	(281, 'Sihlwald', 8135),
	(282, 'Horgen', 8810),
	(283, 'Horgenberg', 8815),
	(284, 'Hirzel', 8816),
	(285, 'Effretikon', 8307),
	(286, 'Ottikon b. Kemptthal', 8307),
	(287, 'Illnau', 8308),
	(288, 'Agasul', 8308),
	(289, 'Kyburg', 8314),
	(290, 'Saland', 8493),
	(291, 'Bauma', 8494),
	(292, 'Sternenberg', 8499),
	(293, 'Wiesendangen', 8542),
	(294, 'Bertschikon', 8543),
	(295, 'Gundetswil', 8543),
	(296, 'Kefikon ZH', 8543),
	(297, 'Attikon', 8544),
	(298, 'Menzengrüt', 8546),
	(299, 'Aarberg', 3270),
	(300, 'Bargen BE', 3282),
	(301, 'Grossaffoltern', 3257),
	(302, 'Ammerzwil BE', 3257),
	(303, 'Suberg', 3262),
	(304, 'Golaten', 3207),
	(305, 'Kallnach', 3283),
	(306, 'Niederried b. Kallnach', 3283),
	(307, 'Kappelen', 3273),
	(308, 'Lyss', 3250),
	(309, 'Busswil BE', 3292),
	(310, 'Ortschwaben', 3042),
	(311, 'Meikirch', 3045),
	(312, 'Wahlendorf', 3046),
	(313, 'Detligen', 3036),
	(314, 'Radelfingen b. Aarberg', 3271),
	(315, 'Lätti', 3053),
	(316, 'Ruppoldsried', 3251),
	(317, 'Rapperswil BE', 3255),
	(318, 'Dieterswil', 3256),
	(319, 'Bangerten b. Dieterswil', 3256),
	(320, 'Seewil', 3256),
	(321, 'Schüpfen', 3054),
	(322, 'Frieswil', 3035),
	(323, 'Wiler b. Seedorf', 3266),
	(324, 'Seedorf BE', 3267),
	(325, 'Lobsigen', 3268),
	(326, 'Aarwangen', 4912),
	(327, 'Auswil', 4944),
	(328, 'Bannwil', 4913),
	(329, 'Bleienbach', 3368),
	(330, 'Busswil b. Melchnau', 4917),
	(331, 'Gondiswil', 4955),
	(332, 'Langenthal', 4900),
	(333, 'Untersteckholz', 4916),
	(334, 'Lotzwil', 4932),
	(335, 'Gutenburg', 4932),
	(336, 'Madiswil', 4934),
	(337, 'Leimiswil', 4935),
	(338, 'Kleindietwil', 4936),
	(339, 'Melchnau', 4917),
	(340, 'Obersteckholz', 4924),
	(341, 'Oeschenbach', 4943),
	(342, 'Reisiswil', 4919),
	(343, 'Roggwil BE', 4914),
	(344, 'Rohrbach', 4938),
	(345, 'Rohrbachgraben', 4938),
	(346, 'Rütschelen', 4933),
	(347, 'Schwarzhäusern', 4911),
	(348, 'Bützberg', 4922),
	(349, 'Thunstetten', 4922),
	(350, 'Ursenbach', 4937),
	(351, 'Wynau', 4923),
	(352, 'Bern', 3004),
	(353, 'Bern', 3005),
	(354, 'Bern', 3006),
	(355, 'Bern', 3007),
	(356, 'Bern', 3008),
	(357, 'Bern', 3010),
	(358, 'Bern', 3011),
	(359, 'Bern', 3011),
	(360, 'Bern', 3012),
	(361, 'Bern', 3013),
	(362, 'Bern', 3014),
	(363, 'Bern', 3015),
	(364, 'Bern', 3018),
	(365, 'Bern', 3019),
	(366, 'Bern', 3020),
	(367, 'Bern', 3027),
	(368, 'Bolligen', 3065),
	(369, 'Bremgarten b. Bern', 3047),
	(370, 'Herrenschwanden', 3037),
	(371, 'Kirchlindach', 3038),
	(372, 'Wabern', 3084),
	(373, 'Spiegel b. Bern', 3095),
	(374, 'Liebefeld', 3097),
	(375, 'Köniz', 3098),
	(376, 'Köniz', 3098),
	(377, 'Schliern b. Köniz', 3098),
	(378, 'Gasel', 3144),
	(379, 'Niederscherli', 3145),
	(380, 'Mittelhäusern', 3147),
	(381, 'Niederwangen b. Bern', 3172),
	(382, 'Oberwangen b. Bern', 3173),
	(383, 'Thörishaus', 3174),
	(384, 'Gümligen', 3073),
	(385, 'Muri b. Bern', 3074),
	(386, 'Oberbalm', 3096),
	(387, 'Stettlen', 3066),
	(388, 'Boll', 3067),
	(389, 'Utzigen', 3068),
	(390, 'Hinterkappelen', 3032),
	(391, 'Wohlen b. Bern', 3033),
	(392, 'Murzelen', 3034),
	(393, 'Uettligen', 3043),
	(394, 'Innerberg', 3044),
	(395, 'Säriswil', 3049),
	(396, 'Zollikofen', 3052),
	(397, 'Worblaufen', 3048),
	(398, 'Ittigen', 3063),
	(399, 'Ostermundigen', 3072),
	(400, 'Biel/Bienne', 2502),
	(401, 'Biel/Bienne', 2503),
	(402, 'Biel/Bienne', 2504),
	(403, 'Biel/Bienne', 2505),
	(404, 'Magglingen/Macolin', 2532),
	(405, 'Evilard', 2533),
	(406, 'Arch', 3296),
	(407, 'Büetigen', 3263),
	(408, 'Büren an der Aare', 3294),
	(409, 'Diessbach b. Büren', 3264),
	(410, 'Dotzigen', 3293),
	(411, 'Lengnau BE', 2543),
	(412, 'Leuzigen', 3297),
	(413, 'Meienried', 3294),
	(414, 'Meinisberg', 2554),
	(415, 'Oberwil b. Büren', 3298),
	(416, 'Pieterlen', 2542),
	(417, 'Rüti b. Büren', 3295),
	(418, 'Wengi b. Büren', 3251),
	(419, 'Aefligen', 3426),
	(420, 'Alchenstorf', 3473),
	(421, 'Bäriswil BE', 3323),
	(422, 'Burgdorf', 3400),
	(423, 'Ersigen', 3423),
	(424, 'Niederösch', 3424),
	(425, 'Oberösch', 3424),
	(426, 'Hasle b. Burgdorf', 3415),
	(427, 'Schafhausen im Emmental', 3415),
	(428, 'Biembach im Emmental', 3419),
	(429, 'Heimiswil', 3412),
	(430, 'Kaltacker', 3413),
	(431, 'Hellsau', 3429),
	(432, 'Hindelbank', 3324),
	(433, 'Höchstetten', 3429),
	(434, 'Kernenried', 3309),
	(435, 'Kirchberg BE', 3422),
	(436, 'Koppigen', 3425),
	(437, 'Hettiswil b. Hindelbank', 3325),
	(438, 'Krauchthal', 3326),
	(439, 'Lyssach', 3421),
	(440, 'Mötschwil', 3324),
	(441, 'Oberburg', 3414),
	(442, 'Lyssach', 3421),
	(443, 'Rüdtligen', 3422),
	(444, 'Alchenflüh', 3422),
	(445, 'Rumendingen', 3472),
	(446, 'Rüti b. Lyssach', 3421),
	(447, 'Willadingen', 3425),
	(448, 'Wynigen', 3472),
	(449, 'Rüedisbach', 3474),
	(450, 'Corgémont', 2606),
	(451, 'Mont-Crosin', 2610),
	(452, 'Cormoret', 2612),
	(453, 'Cortébert', 2607),
	(454, 'Montagne-de-Courtelary', 2608),
	(455, 'Courtelary', 2608),
	(456, 'La Ferrière', 2333),
	(457, 'Mont-Tramelan', 2723),
	(458, 'Orvin', 2534),
	(459, 'Les Prés-d\'Orvin', 2534),
	(460, 'Renan BE', 2616),
	(461, 'Romont BE', 2538),
	(462, 'St-Imier', 2610),
	(463, 'Mont-Soleil', 2610),
	(464, 'Les Pontins', 2610),
	(465, 'Sonceboz-Sombeval', 2605),
	(466, 'Sonvilier', 2615),
	(467, 'Montagne-de-Sonvilier', 2615),
	(468, 'Tramelan', 2720),
	(469, 'Les Reussilles', 2722),
	(470, 'Villeret', 2613),
	(471, 'Frinvillier', 2535),
	(472, 'Plagne', 2536),
	(473, 'Vauffelin', 2537),
	(474, 'Péry', 2603),
	(475, 'La Heutte', 2604),
	(476, 'Brüttelen', 3237),
	(477, 'Erlach', 3235),
	(478, 'Finsterhennen', 2577),
	(479, 'Gals', 3238),
	(480, 'Gampelen', 3236),
	(481, 'Ins', 3232),
	(482, 'Lüscherz', 2576),
	(483, 'Müntschemier', 3225),
	(484, 'Siselen BE', 2577),
	(485, 'Treiten', 3226),
	(486, 'Tschugg', 3233),
	(487, 'Vinelz', 3234),
	(488, 'Bätterkinden', 3315),
	(489, 'Kräiligen', 3315),
	(490, 'Deisswil b. Münchenbuchsee', 3053),
	(491, 'Diemerswil', 3053),
	(492, 'Etzelkofen', 3306),
	(493, 'Grafenried', 3308),
	(494, 'Zauggenried', 3309),
	(495, 'Fraubrunnen', 3312),
	(496, 'Büren zum Hof', 3313),
	(497, 'Schalunen', 3314),
	(498, 'Limpach', 3317),
	(499, 'Mülchi', 3317),
	(500, 'Jegenstorf', 3303),
	(501, 'Münchringen', 3303),
	(502, 'Ballmoos', 3303),
	(503, 'Scheunen', 3305),
	(504, 'Iffwil', 3305),
	(505, 'Mattstetten', 3322),
	(506, 'Moosseedorf', 3302),
	(507, 'Münchenbuchsee', 3053),
	(508, 'Urtenen-Schönbühl', 3322),
	(509, 'Utzenstorf', 3427),
	(510, 'Wiggiswil', 3053),
	(511, 'Wiler b. Utzenstorf', 3428),
	(512, 'Zielebach', 4564),
	(513, 'Zuzwil BE', 3303),
	(514, 'Adelboden', 3715),
	(515, 'Aeschi b. Spiez', 3703),
	(516, 'Aeschiried', 3703),
	(517, 'Emdthal', 3711),
	(518, 'Frutigen', 3714),
	(519, 'Ried (Frutigen)', 3724),
	(520, 'Achseten', 3725),
	(521, 'Kandergrund', 3716),
	(522, 'Blausee-Mitholz', 3717),
	(523, 'Kandersteg', 3718),
	(524, 'Krattigen', 3704),
	(525, 'Mülenen', 3711),
	(526, 'Reichenbach im Kandertal', 3713),
	(527, 'Wengi b. Frutigen', 3714),
	(528, 'Scharnachtal', 3722),
	(529, 'Kiental', 3723),
	(530, 'Sundlauenen', 3800),
	(531, 'Beatenberg', 3803),
	(532, 'Bönigen b. Interlaken', 3806),
	(533, 'Brienz BE', 3855),
	(534, 'Axalp', 3855),
	(535, 'Brienzwiler', 3856),
	(536, 'Därligen', 3707),
	(537, 'Burglauenen', 3816),
	(538, 'Grindelwald', 3818),
	(539, 'Gsteigwiler', 3814),
	(540, 'Interlaken', 3800),
	(541, 'Zweilütschinen', 3815),
	(542, 'Gündlischwand', 3815),
	(543, 'Habkern', 3804),
	(544, 'Hofstetten b. Brienz', 3858),
	(545, 'Interlaken', 3800),
	(546, 'Iseltwald', 3807),
	(547, 'Lauterbrunnen', 3822),
	(548, 'Isenfluh', 3822),
	(549, 'Wengen', 3823),
	(550, 'Kleine Scheidegg', 3823),
	(551, 'Eigergletscher', 3823),
	(552, 'Stechelberg', 3824),
	(553, 'Mürren', 3825),
	(554, 'Gimmelwald', 3826),
	(555, 'Leissigen', 3706),
	(556, 'Lütschental', 3816),
	(557, 'Matten b. Interlaken', 3800),
	(558, 'Niederried b. Interlaken', 3853),
	(559, 'Oberried am Brienzersee', 3854),
	(560, 'Goldswil b. Interlaken', 3805),
	(561, 'Ringgenberg BE', 3852),
	(562, 'Saxeten', 3813),
	(563, 'Schwanden b. Brienz', 3855),
	(564, 'Unterseen', 3800),
	(565, 'Wilderswil', 3812),
	(566, 'Arni BE', 3508),
	(567, 'Biglen', 3507),
	(568, 'Bowil', 3533),
	(569, 'Brenzikofen', 3671),
	(570, 'Freimettigen', 3510),
	(571, 'Schlosswil', 3082),
	(572, 'Grosshöchstetten', 3506),
	(573, 'Häutligen', 3510),
	(574, 'Herbligen', 3671),
	(575, 'Kiesen', 3629),
	(576, 'Gysenstein', 3503),
	(577, 'Konolfingen', 3510),
	(578, 'Obergoldbach', 3434),
	(579, 'Landiswil', 3434),
	(580, 'Linden', 3673),
	(581, 'Mirchel', 3532),
	(582, 'Trimstein', 3083),
	(583, 'Münsingen', 3110),
	(584, 'Tägertschi', 3111),
	(585, 'Niederhünigen', 3504),
	(586, 'Oberdiessbach', 3672),
	(587, 'Aeschlen b. Oberdiessbach', 3672),
	(588, 'Bleiken b. Oberdiessbach', 3674),
	(589, 'Oberthal', 3531),
	(590, 'Oppligen', 3629),
	(591, 'Rubigen', 3113),
	(592, 'Walkringen', 3512),
	(593, 'Bigenthal', 3513),
	(594, 'Rüfenacht BE', 3075),
	(595, 'Vielbringen b. Worb', 3075),
	(596, 'Worb', 3076),
	(597, 'Enggistein', 3077),
	(598, 'Richigen', 3078),
	(599, 'Zäziwil', 3532),
	(600, 'Oberhünigen', 3504),
	(601, 'Allmendingen b. Bern', 3112),
	(602, 'Wichtrach', 3114),
	(603, 'Clavaleyres', 1595),
	(604, 'Rizenbach', 3206),
	(605, 'Ferenbalm', 3206),
	(606, 'Biberen', 3206),
	(607, 'Gammen', 3206),
	(608, 'Frauenkappelen', 3202),
	(609, 'Gurbrü', 3208),
	(610, 'Kriechenwil', 3179),
	(611, 'Laupen BE', 3177),
	(612, 'Mühleberg', 3203),
	(613, 'Rosshäusern', 3204),
	(614, 'Gümmenen', 3205),
	(615, 'Münchenwiler', 1797),
	(616, 'Neuenegg', 3176),
	(617, 'Wileroltigen', 3207),
	(618, 'Belprahon', 2744),
	(619, 'Champoz', 2735),
	(620, 'Corcelles BE', 2747),
	(621, 'Court', 2738),
	(622, 'Crémines', 2746),
	(623, 'Eschert', 2743),
	(624, 'Grandval', 2745),
	(625, 'Loveresse', 2732),
	(626, 'Moutier', 2740),
	(627, 'Perrefitte', 2742),
	(628, 'Reconvilier', 2732),
	(629, 'Roches BE', 2762),
	(630, 'Le Fuet', 2712),
	(631, 'Bellelay', 2713),
	(632, 'Saicourt', 2732),
	(633, 'Saules BE', 2732),
	(634, 'Schelten', 2827),
	(635, 'Seehof', 2747),
	(636, 'Sorvilier', 2736),
	(637, 'Tavannes', 2710),
	(638, 'La Tanne', 2720),
	(639, 'Rebévelier', 2717),
	(640, 'Châtelat', 2715),
	(641, 'Monible', 2715),
	(642, 'Sornetan', 2716),
	(643, 'Fornet-Dessous', 2717),
	(644, 'Souboz', 2748),
	(645, 'Les Ecorcheresses', 2748),
	(646, 'Pontenet', 2733),
	(647, 'Bévilard', 2735),
	(648, 'Malleray', 2735),
	(649, 'La Neuveville', 2520),
	(650, 'Nods', 2518),
	(651, 'Prêles', 2515),
	(652, 'Lamboing', 2516),
	(653, 'Diesse', 2517),
	(654, 'Aegerten', 2558),
	(655, 'Bellmund', 2564),
	(656, 'Brügg BE', 2555),
	(657, 'Bühl b. Aarberg', 3274),
	(658, 'Epsach', 3272),
	(659, 'Hagneck', 2575),
	(660, 'Hermrigen', 3274),
	(661, 'Jens', 2565),
	(662, 'Ipsach', 2563),
	(663, 'Ligerz', 2514),
	(664, 'Merzligen', 3274),
	(665, 'Mörigen', 2572),
	(666, 'Nidau', 2560),
	(667, 'Orpund', 2552),
	(668, 'Port', 2562),
	(669, 'Safnern', 2553),
	(670, 'Scheuren', 2556),
	(671, 'Schwadernau', 2556),
	(672, 'Studen BE', 2557),
	(673, 'Sutz', 2572),
	(674, 'Täuffelen', 2575),
	(675, 'Gerolfingen', 2575),
	(676, 'Walperswil', 3272),
	(677, 'Worben', 3252),
	(678, 'Tüscherz-Alfermée', 2512),
	(679, 'Twann', 2513),
	(680, 'Därstetten', 3763),
	(681, 'Weissenburg', 3764),
	(682, 'Oey', 3753),
	(683, 'Diemtigen', 3754),
	(684, 'Horboden', 3755),
	(685, 'Zwischenflüh', 3756),
	(686, 'Schwenden im Diemtigtal', 3757),
	(687, 'Latterbach', 3758),
	(688, 'Erlenbach im Simmental', 3762),
	(689, 'Oberwil im Simmental', 3765),
	(690, 'Reutigen', 3647),
	(691, 'Gwatt (Thun)', 3645),
	(692, 'Einigen', 3646),
	(693, 'Spiez', 3700),
	(694, 'Hondrich', 3702),
	(695, 'Faulensee', 3705),
	(696, 'Wimmis', 3752),
	(697, 'Höfen b. Thun', 3631),
	(698, 'Niederstocken', 3632),
	(699, 'Oberstocken', 3632),
	(700, 'Guttannen', 3864),
	(701, 'Hasliberg Hohfluh', 6083),
	(702, 'Hasliberg Wasserwendi', 6084),
	(703, 'Hasliberg Goldern', 6085),
	(704, 'Hasliberg Reuti', 6086),
	(705, 'Innertkirchen', 3862),
	(706, 'Gadmen', 3863),
	(707, 'Unterbach BE', 3857),
	(708, 'Meiringen', 3860),
	(709, 'Brünig', 3860),
	(710, 'Rosenlaui', 3860),
	(711, 'Schattenhalb', 3860),
	(712, 'Boltigen', 3766),
	(713, 'Lenk im Simmental', 3775),
	(714, 'St. Stephan', 3772),
	(715, 'Matten (St. Stephan)', 3773),
	(716, 'Zweisimmen', 3770),
	(717, 'Blankenburg', 3771),
	(718, 'Oeschseite', 3776),
	(719, 'Feutersoey', 3784),
	(720, 'Gsteig b. Gstaad', 3785),
	(721, 'Lauenen b. Gstaad', 3782),
	(722, 'Abländschen', 1657),
	(723, 'Saanenmöser', 3777),
	(724, 'Schönried', 3778),
	(725, 'Gstaad', 3780),
	(726, 'Turbach', 3781),
	(727, 'Grund b. Gstaad', 3783),
	(728, 'Saanen', 3792),
	(729, 'Sangernboden', 1738),
	(730, 'Riffenmatt', 3156),
	(731, 'Guggisberg', 3158),
	(732, 'Riedstätt', 3159),
	(733, 'Rüschegg Gambach', 3153),
	(734, 'Rüschegg Heubach', 3154),
	(735, 'Lanzenhäusern', 3148),
	(736, 'Schwarzenburg', 3150),
	(737, 'Mamishaus', 3152),
	(738, 'Milken', 3157),
	(739, 'Albligen', 3183),
	(740, 'Belp', 3123),
	(741, 'Belpberg', 3124),
	(742, 'Burgistein', 3664),
	(743, 'Gerzensee', 3115),
	(744, 'Gurzelen', 3663),
	(745, 'Jaberg', 3629),
	(746, 'Kaufdorf', 3126),
	(747, 'Kehrsatz', 3122),
	(748, 'Kirchdorf BE', 3116),
	(749, 'Mühledorf BE', 3116),
	(750, 'Noflen BE', 3116),
	(751, 'Gelterfingen', 3126),
	(752, 'Niedermuhlern', 3087),
	(753, 'Rüti b. Riggisberg', 3099),
	(754, 'Riggisberg', 3132),
	(755, 'Rüeggisberg', 3088),
	(756, 'Oberbütschel', 3088),
	(757, 'Hinterfultigen', 3089),
	(758, 'Helgisried-Rohrbach', 3155),
	(759, 'Rümligen', 3128),
	(760, 'Seftigen', 3662),
	(761, 'Toffen', 3125),
	(762, 'Uttigen', 3628),
	(763, 'Wattenwil', 3665),
	(764, 'Zimmerwald', 3086),
	(765, 'Englisberg', 3086),
	(766, 'Mühlethurnen', 3127),
	(767, 'Lohnstorf', 3127),
	(768, 'Kirchenthurnen', 3128),
	(769, 'Aeschau', 3536),
	(770, 'Eggiwil', 3537),
	(771, 'Langnau im Emmental', 3550),
	(772, 'Oberfrittenbach', 3551),
	(773, 'Bärau', 3552),
	(774, 'Gohl', 3553),
	(775, 'Lauperswil', 3438),
	(776, 'Emmenmatt', 3543),
	(777, 'Röthenbach im Emmental', 3538),
	(778, 'Schwanden im Emmental', 3433),
	(779, 'Zollbrück', 3436),
	(780, 'Rüderswil', 3437),
	(781, 'Schangnau', 6197),
	(782, 'Signau', 3534),
	(783, 'Schüpbach', 3535),
	(784, 'Trub', 3556),
	(785, 'Fankhaus (Trub)', 3557),
	(786, 'Trubschachen', 3555),
	(787, 'Amsoldingen', 3633),
	(788, 'Blumenstein', 3638),
	(789, 'Heimenschwand', 3615),
	(790, 'Eriz', 3619),
	(791, 'Fahrni b. Thun', 3617),
	(792, 'Heiligenschwendi', 3625),
	(793, 'Heimberg', 3627),
	(794, 'Hünibach', 3626),
	(795, 'Hilterfingen', 3652),
	(796, 'Homberg b. Thun', 3622),
	(797, 'Horrenbach', 3623),
	(798, 'Buchen BE', 3623),
	(799, 'Oberhofen am Thunersee', 3653),
	(800, 'Pohlern', 3638),
	(801, 'Gunten', 3654),
	(802, 'Sigriswil', 3655),
	(803, 'Tschingel ob Gunten', 3656),
	(804, 'Aeschlen ob Gunten', 3656),
	(805, 'Ringoldswil', 3656),
	(806, 'Schwanden (Sigriswil)', 3657),
	(807, 'Merligen', 3658),
	(808, 'Steffisburg', 3612),
	(809, 'Steffisburg', 3613),
	(810, 'Schwendibach', 3624),
	(811, 'Teuffenthal b. Thun', 3623),
	(812, 'Thierachern', 3634),
	(813, 'Thun', 3600),
	(814, 'Thun', 3603),
	(815, 'Thun', 3604),
	(816, 'Thun', 3608),
	(817, 'Goldiwil (Thun)', 3624),
	(818, 'Uebeschi', 3635),
	(819, 'Uetendorf', 3661),
	(820, 'Unterlangenegg', 3614),
	(821, 'Schwarzenegg', 3616),
	(822, 'Süderen', 3618),
	(823, 'Zwieselberg', 3645),
	(824, 'Längenbühl', 3636),
	(825, 'Forst b. Längenbühl', 3636),
	(826, 'Affoltern im Emmental', 3416),
	(827, 'Weier im Emmental', 3462),
	(828, 'Häusernmoos im Emmental', 3463),
	(829, 'Dürrenroth', 3465),
	(830, 'Eriswil', 4952),
	(831, 'Huttwil', 4950),
	(832, 'Schwarzenbach (Huttwil)', 4953),
	(833, 'Lützelflüh-Goldbach', 3432),
	(834, 'Ramsei', 3435),
	(835, 'Ranflüh', 3439),
	(836, 'Grünenmatt', 3452),
	(837, 'Rüegsauschachen', 3415),
	(838, 'Rüegsau', 3417),
	(839, 'Rüegsbach', 3418),
	(840, 'Sumiswald', 3454),
	(841, 'Grünen', 3455),
	(842, 'Wasen im Emmental', 3457),
	(843, 'Heimisbach', 3453),
	(844, 'Trachselwald', 3456),
	(845, 'Schmidigen-Mühleweg', 3464),
	(846, 'Walterswil BE', 4942),
	(847, 'Wyssachen', 4954),
	(848, 'Attiswil', 4536),
	(849, 'Berken', 3376),
	(850, 'Bettenhausen', 3366),
	(851, 'Bollodingen', 3366),
	(852, 'Farnern', 4539),
	(853, 'Graben', 3376),
	(854, 'Wanzwil', 3372),
	(855, 'Röthenbach Herzogenbuchsee', 3373),
	(856, 'Heimenhausen', 3373),
	(857, 'Herzogenbuchsee', 3360),
	(858, 'Oberönz', 3363),
	(859, 'Inkwil', 3375),
	(860, 'Niederbipp', 4704),
	(861, 'Wolfisberg', 4704),
	(862, 'Niederönz', 3362),
	(863, 'Oberbipp', 4538),
	(864, 'Ochlenberg', 3367),
	(865, 'Oschwand', 3476),
	(866, 'Rumisberg', 4539),
	(867, 'Grasswil', 3365),
	(868, 'Seeberg', 3365),
	(869, 'Riedtwil', 3475),
	(870, 'Hermiswil', 3475),
	(871, 'Thörigen', 3367),
	(872, 'Walliswil b. Niederbipp', 3380),
	(873, 'Walliswil b. Wangen', 3377),
	(874, 'Wangen an der Aare', 3380),
	(875, 'Wangenried', 3374),
	(876, 'Wiedlisbach', 4537),
	(877, 'Doppleschwand', 6112),
	(878, 'Entlebuch', 6162),
	(879, 'Rengg', 6162),
	(880, 'Finsterwald b. Entlebuch', 6162),
	(881, 'Ebnet', 6163),
	(882, 'Flühli LU', 6173),
	(883, 'Sörenberg', 6174),
	(884, 'Hasle LU', 6166),
	(885, 'Fontannen b. Wolhusen', 6110),
	(886, 'Romoos', 6113),
	(887, 'Bramboden', 6167),
	(888, 'Schüpfheim', 6170),
	(889, 'Schachen LU', 6105),
	(890, 'Werthenstein', 6106),
	(891, 'Escholzmatt', 6182),
	(892, 'Wiggen', 6192),
	(893, 'Marbach LU', 6196),
	(894, 'Aesch LU', 6287),
	(895, 'Altwis', 6286),
	(896, 'Ballwil', 6275),
	(897, 'Emmenbrücke', 6020),
	(898, 'Emmen', 6032),
	(899, 'Ermensee', 6294),
	(900, 'Eschenbach LU', 6274),
	(901, 'Gelfingen', 6284),
	(902, 'Sulz LU', 6284),
	(903, 'Hitzkirch', 6285),
	(904, 'Retschwil', 6285),
	(905, 'Müswangen', 6289),
	(906, 'Hämikon', 6289),
	(907, 'Hämikon', 6289),
	(908, 'Mosen', 6295),
	(909, 'Hochdorf', 6280),
	(910, 'Urswil', 6280),
	(911, 'Baldegg', 6283),
	(912, 'Hohenrain', 6276),
	(913, 'Kleinwangen', 6277),
	(914, 'Lieli LU', 6277),
	(915, 'Inwil', 6034),
	(916, 'Rain', 6026),
	(917, 'Römerswil LU', 6027),
	(918, 'Herlisberg', 6028),
	(919, 'Rothenburg', 6023),
	(920, 'Schongau', 6288),
	(921, 'Adligenswil', 6043),
	(922, 'Buchrain', 6033),
	(923, 'Perlen', 6035),
	(924, 'Dierikon', 6036),
	(925, 'Ebikon', 6030),
	(926, 'Gisikon', 6038),
	(927, 'Greppen', 6404),
	(928, 'Honau', 6038),
	(929, 'St. Niklausen LU', 6005),
	(930, 'Kastanienbaum', 6047),
	(931, 'Horw', 6048),
	(932, 'Kriens', 6010),
	(933, 'Obernau', 6012),
	(934, 'Luzern', 6003),
	(935, 'Luzern', 6004),
	(936, 'Luzern', 6005),
	(937, 'Luzern', 6006),
	(938, 'Luzern', 6014),
	(939, 'Luzern', 6015),
	(940, 'Malters', 6102),
	(941, 'Meggen', 6045),
	(942, 'Meierskappel', 6344),
	(943, 'Root', 6037),
	(944, 'Root D4', 6039),
	(945, 'Eigenthal', 6013),
	(946, 'Schwarzenberg LU', 6103),
	(947, 'Udligenswil', 6044),
	(948, 'Vitznau', 6354),
	(949, 'Weggis', 6353),
	(950, 'Rigi Kaltbad', 6356),
	(951, 'Neudorf', 6025),
	(952, 'Beromünster', 6215),
	(953, 'Schwarzenbach LU', 6215),
	(954, 'Gunzwil', 6222),
	(955, 'Büron', 6233),
	(956, 'Buttisholz', 6018),
	(957, 'Eich', 6205),
	(958, 'Geuensee', 6232),
	(959, 'Grosswangen', 6022),
	(960, 'Hildisrieden', 6024),
	(961, 'St. Erhard', 6212),
	(962, 'Knutwil', 6213),
	(963, 'Kaltbach', 6212),
	(964, 'Mauensee', 6216),
	(965, 'Hellbühl', 6016),
	(966, 'Sempach Station', 6203),
	(967, 'Neuenkirch', 6206),
	(968, 'Nottwil', 6207),
	(969, 'Oberkirch LU', 6208),
	(970, 'Pfeffikon LU', 5735),
	(971, 'Rickenbach LU', 6221),
	(972, 'Ruswil', 6017),
	(973, 'Sigigen', 6019),
	(974, 'Schenkon', 6214),
	(975, 'Schlierbach', 6231),
	(976, 'Sempach', 6204),
	(977, 'Sursee', 6210),
	(978, 'Triengen', 6234),
	(979, 'Kulmerau', 6234),
	(980, 'Winikon', 6235),
	(981, 'Wilihof', 6236),
	(982, 'Wolhusen', 6110),
	(983, 'Steinhuserberg', 6114),
	(984, 'Alberswil', 6248),
	(985, 'Altbüron', 6147),
	(986, 'Ebersecken', 6245),
	(987, 'Altishofen', 6246),
	(988, 'Buchs LU', 6211),
	(989, 'Dagmersellen', 6252),
	(990, 'Uffikon', 6253),
	(991, 'Egolzwil', 6243),
	(992, 'Kottwil', 6217),
	(993, 'Ettiswil', 6218),
	(994, 'Fischbach LU', 6145),
	(995, 'Gettnau', 6142),
	(996, 'Grossdietwil', 6146),
	(997, 'Hergiswil b. Willisau', 6133),
	(998, 'Hofstatt', 6154),
	(999, 'Luthern', 6156),
	(1000, 'Luthern Bad', 6156),
	(1001, 'Menznau', 6122),
	(1002, 'Geiss', 6123),
	(1003, 'Menzberg', 6125),
	(1004, 'Nebikon', 6244),
	(1005, 'St. Urban', 4915),
	(1006, 'Pfaffnau', 6264),
	(1007, 'Reiden', 6260),
	(1008, 'Reidermoos', 6260),
	(1009, 'Mehlsecken', 6260),
	(1010, 'Langnau b. Reiden', 6262),
	(1011, 'Richenthal', 6263),
	(1012, 'Roggliswil', 6265),
	(1013, 'Ohmstal', 6143),
	(1014, 'Schötz', 6247),
	(1015, 'Ufhusen', 6153),
	(1016, 'Wauwil', 6242),
	(1017, 'Wikon', 4806),
	(1018, 'Hintermoos', 6260),
	(1019, 'Zell LU', 6144),
	(1020, 'Hüswil', 6152),
	(1021, 'Daiwil', 6126),
	(1022, 'Willisau', 6130),
	(1023, 'Rohrmatt', 6132),
	(1024, 'Altdorf UR', 6460),
	(1025, 'Andermatt', 6490),
	(1026, 'Attinghausen', 6468),
	(1027, 'Bauen', 6466),
	(1028, 'Bürglen UR', 6463),
	(1029, 'Erstfeld', 6472),
	(1030, 'Flüelen', 6454),
	(1031, 'Göschenen', 6487),
	(1032, 'Intschi', 6476),
	(1033, 'Gurtnellen', 6482),
	(1034, 'Hospental', 6493),
	(1035, 'Isenthal', 6461),
	(1036, 'Realp', 6491),
	(1037, 'Schattdorf', 6467),
	(1038, 'Haldi b. Schattdorf', 6469),
	(1039, 'Seedorf UR', 6462),
	(1040, 'Seelisberg', 6377),
	(1041, 'Rütli', 6441),
	(1042, 'Silenen', 6473),
	(1043, 'Amsteg', 6474),
	(1044, 'Bristen', 6475),
	(1045, 'Sisikon', 6452),
	(1046, 'Spiringen', 6464),
	(1047, 'Urnerboden', 8751),
	(1048, 'Unterschächen', 6465),
	(1049, 'Wassen UR', 6484),
	(1050, 'Meien', 6485),
	(1051, 'Bennau', 8836),
	(1052, 'Einsiedeln', 8840),
	(1053, 'Trachslau', 8840),
	(1054, 'Gross', 8841),
	(1055, 'Euthal', 8844),
	(1056, 'Willerzell', 8846),
	(1057, 'Egg SZ', 8847),
	(1058, 'Rigi Scheidegg', 6410),
	(1059, 'Gersau', 6442),
	(1060, 'Schindellegi', 8834),
	(1061, 'Feusisberg', 8835),
	(1062, 'Hurden', 8640),
	(1063, 'Bäch SZ', 8806),
	(1064, 'Freienbach', 8807),
	(1065, 'Pfäffikon SZ', 8808),
	(1066, 'Wollerau', 8832),
	(1067, 'Wilen b. Wollerau', 8832),
	(1068, 'Wollerau', 8832),
	(1069, 'Merlischachen', 6402),
	(1070, 'Küssnacht am Rigi', 6403),
	(1071, 'Immensee', 6405),
	(1072, 'Altendorf', 8852),
	(1073, 'Galgenen', 8854),
	(1074, 'Innerthal', 8858),
	(1075, 'Lachen SZ', 8853),
	(1076, 'Reichenburg', 8864),
	(1077, 'Siebnen', 8854),
	(1078, 'Schübelbach', 8862),
	(1079, 'Buttikon SZ', 8863),
	(1080, 'Tuggen', 8856),
	(1081, 'Vorderthal', 8857),
	(1082, 'Wangen SZ', 8855),
	(1083, 'Alpthal', 8849),
	(1084, 'Goldau', 6410),
	(1085, 'Rigi Klösterli', 6410),
	(1086, 'Rigi Staffel', 6410),
	(1087, 'Rigi Kulm', 6410),
	(1088, 'Oberarth', 6414),
	(1089, 'Arth', 6415),
	(1090, 'Illgau', 6434),
	(1091, 'Brunnen', 6440),
	(1092, 'Lauerz', 6424),
	(1093, 'Stoos SZ', 6433),
	(1094, 'Morschach', 6443),
	(1095, 'Muotathal', 6436),
	(1096, 'Bisisthal', 6436),
	(1097, 'Ried (Muotathal)', 6436),
	(1098, 'Oberiberg', 8843),
	(1099, 'Riemenstalden', 6452),
	(1100, 'Rothenthurm', 6418),
	(1101, 'Sattel', 6417),
	(1102, 'Seewen SZ', 6423),
	(1103, 'Schwyz', 6430),
	(1104, 'Rickenbach b. Schwyz', 6432),
	(1105, 'Ibach', 6438),
	(1106, 'Steinen', 6422),
	(1107, 'Steinerberg', 6416),
	(1108, 'Unteriberg', 8842),
	(1109, 'Studen SZ', 8845),
	(1110, 'Pilatus Kulm', 6010),
	(1111, 'Alpnachstad', 6053),
	(1112, 'Alpnach Dorf', 6055),
	(1113, 'Grafenort', 6388),
	(1114, 'Engelberg', 6390),
	(1115, 'Giswil', 6074),
	(1116, 'Kerns', 6064),
	(1117, 'St. Niklausen OW', 6066),
	(1118, 'Melchtal', 6067),
	(1119, 'Melchsee-Frutt', 6068),
	(1120, 'Lungern', 6078),
	(1121, 'Bürglen OW', 6078),
	(1122, 'Sachseln', 6072),
	(1123, 'Flüeli-Ranft', 6073),
	(1124, 'Kägiswil', 6056),
	(1125, 'Sarnen', 6060),
	(1126, 'Ramersberg', 6060),
	(1127, 'Wilen (Sarnen)', 6062),
	(1128, 'Stalden (Sarnen)', 6063),
	(1129, 'Beckenried', 6375),
	(1130, 'Buochs', 6374),
	(1131, 'Dallenwil', 6383),
	(1132, 'Wiesenberg', 6383),
	(1133, 'Wirzweli', 6383),
	(1134, 'Emmetten', 6376),
	(1135, 'Bürgenstock', 6363),
	(1136, 'Ennetbürgen', 6373),
	(1137, 'Ennetmoos', 6372),
	(1138, 'Hergiswil NW', 6052),
	(1139, 'Oberdorf NW', 6370),
	(1140, 'Büren NW', 6382),
	(1141, 'Niederrickenbach', 6383),
	(1142, 'Stans', 6370),
	(1143, 'Stansstad', 6362),
	(1144, 'Obbürgen', 6363),
	(1145, 'Fürigen', 6363),
	(1146, 'Kehrsiten', 6365),
	(1147, 'Wolfenschiessen', 6386),
	(1148, 'Oberrickenbach', 6387),
	(1149, 'Näfels', 8752),
	(1150, 'Mollis', 8753),
	(1151, 'Filzbach', 8757),
	(1152, 'Obstalden', 8758),
	(1153, 'Bilten', 8865),
	(1154, 'Niederurnen', 8867),
	(1155, 'Oberurnen', 8868),
	(1156, 'Mühlehorn', 8874),
	(1157, 'Mitlödi', 8756),
	(1158, 'Schwanden GL', 8762),
	(1159, 'Schwändi b. Schwanden', 8762),
	(1160, 'Sool', 8762),
	(1161, 'Engi', 8765),
	(1162, 'Matt', 8766),
	(1163, 'Elm', 8767),
	(1164, 'Nidfurn', 8772),
	(1165, 'Haslen GL', 8773),
	(1166, 'Leuggelbach', 8774),
	(1167, 'Luchsingen', 8775),
	(1168, 'Hätzingen', 8775),
	(1169, 'Diesbach GL', 8777),
	(1170, 'Betschwanden', 8777),
	(1171, 'Rüti GL', 8782),
	(1172, 'Linthal', 8783),
	(1173, 'Braunwald', 8784),
	(1174, 'Glarus', 8750),
	(1175, 'Riedern', 8750),
	(1176, 'Klöntal', 8750),
	(1177, 'Netstal', 8754),
	(1178, 'Ennenda', 8755),
	(1179, 'Allenwinden', 6319),
	(1180, 'Baar', 6340),
	(1181, 'Cham', 6330),
	(1182, 'Hagendorn', 6332),
	(1183, 'Hünenberg', 6331),
	(1184, 'Hünenberg See', 6333),
	(1185, 'Menzingen', 6313),
	(1186, 'Edlibach', 6313),
	(1187, 'Finstersee', 6313),
	(1188, 'Sihlbrugg', 6340),
	(1189, 'Neuheim', 6345),
	(1190, 'Oberägeri', 6315),
	(1191, 'Alosen', 6315),
	(1192, 'Morgarten', 6315),
	(1193, 'Rotkreuz', 6343),
	(1194, 'Buonas', 6343),
	(1195, 'Risch', 6343),
	(1196, 'Holzhäusern ZG', 6343),
	(1197, 'Steinhausen', 6312),
	(1198, 'Unterägeri', 6314),
	(1199, 'Neuägeri', 6314),
	(1200, 'Walchwil', 6318),
	(1201, 'Zug', 6300),
	(1202, 'Zugerberg', 6300),
	(1203, 'Oberwil b. Zug', 6317),
	(1204, 'Châtillon FR', 1473),
	(1205, 'Cheiry', 1529),
	(1206, 'Chapelle (Broye)', 1534),
	(1207, 'Cugy FR', 1482),
	(1208, 'Vesin', 1483),
	(1209, 'Fétigny', 1532),
	(1210, 'Gletterens', 1544),
	(1211, 'Lully FR', 1470),
	(1212, 'Seiry', 1470),
	(1213, 'Bollion', 1470),
	(1214, 'Ménières', 1533),
	(1215, 'Cousset', 1774),
	(1216, 'Cousset', 1774),
	(1217, 'Montagny-les-Monts', 1774),
	(1218, 'Mannens', 1775),
	(1219, 'Grandsivaz', 1775),
	(1220, 'Montagny-la-Ville', 1776),
	(1221, 'Nuvilly', 1485),
	(1222, 'Prévondavaux', 1410),
	(1223, 'St-Aubin FR', 1566),
	(1224, 'Les Friques', 1566),
	(1225, 'Sévaz', 1541),
	(1226, 'Villeneuve FR', 1527),
	(1227, 'Surpierre', 1528),
	(1228, 'Praratoud', 1528),
	(1229, 'Vallon', 1565),
	(1230, 'Montet (Broye)', 1483),
	(1231, 'Frasses', 1483),
	(1232, 'Aumont', 1484),
	(1233, 'Granges-de-Vesin', 1484),
	(1234, 'Delley', 1567),
	(1235, 'Portalban', 1568),
	(1236, 'Dompierre FR', 1563),
	(1237, 'Domdidier', 1564),
	(1238, 'Léchelles', 1773),
	(1239, 'Chandon', 1773),
	(1240, 'Russy', 1773),
	(1241, 'Estavayer-le-Lac', 1470),
	(1242, 'Font', 1473),
	(1243, 'Autavaux', 1475),
	(1244, 'Forel FR', 1475),
	(1245, 'Montbrelloz', 1475),
	(1246, 'Vuissens', 1486),
	(1247, 'Murist', 1489),
	(1248, 'Bussy FR', 1541),
	(1249, 'Morens FR', 1541),
	(1250, 'Rueyres-les-Prés', 1542),
	(1251, 'Cheyres', 1468),
	(1252, 'Châbles FR', 1474),
	(1253, 'Auboranges', 1673),
	(1254, 'Billens', 1681),
	(1255, 'Hennens', 1681),
	(1256, 'Chapelle (Glâne)', 1608),
	(1257, 'Le Châtelard-près-Romont', 1689),
	(1258, 'Châtonnaye', 1553),
	(1259, 'Ecublens FR', 1673),
	(1260, 'Grangettes-près-Romont', 1686),
	(1261, 'Massonnens', 1692),
	(1262, 'Berlens', 1680),
	(1263, 'Mézières FR', 1684),
	(1264, 'Montet (Glâne)', 1674),
	(1265, 'Romont FR', 1680),
	(1266, 'Promasens', 1673),
	(1267, 'Gillarens', 1673),
	(1268, 'Rue', 1673),
	(1269, 'Blessens', 1675),
	(1270, 'Chavannes-les-Forts', 1676),
	(1271, 'Prez-vers-Siviriez', 1677),
	(1272, 'Siviriez', 1678),
	(1273, 'Villaraboud', 1679),
	(1274, 'Ursy', 1670),
	(1275, 'Bionnens', 1670),
	(1276, 'Esmonts', 1670),
	(1277, 'Vuarmarens', 1674),
	(1278, 'Morlens', 1674),
	(1279, 'Vauderens', 1675),
	(1280, 'Mossel', 1675),
	(1281, 'Villariaz', 1685),
	(1282, 'La Neirigue', 1686),
	(1283, 'Vuisternens-devant-Romont', 1687),
	(1284, 'La Magne', 1687),
	(1285, 'Estévenens', 1687),
	(1286, 'Sommentier', 1688),
	(1287, 'Lieffrens', 1688),
	(1288, 'La Joux FR', 1697),
	(1289, 'Les Ecasseys', 1697),
	(1290, 'Villarsiviriaux', 1694),
	(1291, 'Villargiroud', 1694),
	(1292, 'Orsonnens', 1694),
	(1293, 'Chavannes-sous-Orsonnens', 1694),
	(1294, 'Torny-le-Grand', 1748),
	(1295, 'Middes', 1749),
	(1296, 'Villaz-St-Pierre', 1690),
	(1297, 'Lussy FR', 1690),
	(1298, 'Villarimboud', 1691),
	(1299, 'Albeuve', 1669),
	(1300, 'Lessoc', 1669),
	(1301, 'Les Sciernes-d\'Albeuve', 1669),
	(1302, 'Neirivue', 1669),
	(1303, 'Montbovon', 1669),
	(1304, 'Gumefens', 1643),
	(1305, 'Avry-devant-Pont', 1644),
	(1306, 'Le Bry', 1645),
	(1307, 'Botterens', 1652),
	(1308, 'Villarbeney', 1652),
	(1309, 'Broc', 1636),
	(1310, 'Bulle', 1630),
	(1311, 'La Tour-de-Trême', 1635),
	(1312, 'Châtel-sur-Montsalvens', 1653),
	(1313, 'Corbières', 1647),
	(1314, 'Villarvolard', 1651),
	(1315, 'Crésuz', 1653),
	(1316, 'Echarlens', 1646),
	(1317, 'Grandvillard', 1666),
	(1318, 'Gruyères', 1663),
	(1319, 'Pringy', 1663),
	(1320, 'Epagny', 1663),
	(1321, 'Moléson-sur-Gruyères', 1663),
	(1322, 'Hauteville', 1648),
	(1323, 'Jaun', 1656),
	(1324, 'Im Fang', 1656),
	(1325, 'Marsens', 1633),
	(1326, 'Vuippens', 1633),
	(1327, 'Morlon', 1638),
	(1328, 'Le Pâquier-Montbarry', 1661),
	(1329, 'Pont-la-Ville', 1649),
	(1330, 'Riaz', 1632),
	(1331, 'La Roche FR', 1634),
	(1332, 'Sâles (Gruyère)', 1625),
	(1333, 'Maules', 1625),
	(1334, 'Romanens', 1626),
	(1335, 'Treyfayes', 1626),
	(1336, 'Rueyres-Treyfayes', 1626),
	(1337, 'Sorens', 1642),
	(1338, 'Vaulruz', 1627),
	(1339, 'Vuadens', 1628),
	(1340, 'Estavannens', 1665),
	(1341, 'Villars-sous-Mont', 1666),
	(1342, 'Enney', 1667),
	(1343, 'Charmey (Gruyère)', 1637),
	(1344, 'Cerniat FR', 1654),
	(1345, 'Arconciel', 1732),
	(1346, 'Autigny', 1742),
	(1347, 'Corjolens', 1754),
	(1348, 'Avry-sur-Matran', 1754),
	(1349, 'Belfaux', 1782),
	(1350, 'Autafond', 1782),
	(1351, 'Chénens', 1744),
	(1352, 'Corminboeuf', 1720),
	(1353, 'Chésopelloz', 1720),
	(1354, 'Cottens FR', 1741),
	(1355, 'Ependes FR', 1731),
	(1356, 'Ferpicloz', 1724),
	(1357, 'Fribourg', 1700),
	(1358, 'Bourguillon', 1722),
	(1359, 'Givisiez', 1762),
	(1360, 'Granges-Paccot', 1763),
	(1361, 'Grolley', 1772),
	(1362, 'Marly', 1723),
	(1363, 'Matran', 1753),
	(1364, 'Neyruz FR', 1740),
	(1365, 'Pierrafortscha', 1723),
	(1366, 'Nierlet-les-Bois', 1772),
	(1367, 'Ponthaux', 1772),
	(1368, 'Le Mouret', 1724),
	(1369, 'Essert FR', 1724),
	(1370, 'Montévraz', 1724),
	(1371, 'Oberried FR', 1724),
	(1372, 'Zénauva', 1724),
	(1373, 'Bonnefontaine', 1724),
	(1374, 'Senèdes', 1724),
	(1375, 'Treyvaux', 1733),
	(1376, 'Villars-sur-Glâne', 1752),
	(1377, 'Villarsel-sur-Marly', 1723),
	(1378, 'Posieux', 1725),
	(1379, 'Ecuvillens', 1730),
	(1380, 'Lentigny', 1745),
	(1381, 'Onnens FR', 1756),
	(1382, 'Lovens', 1756),
	(1383, 'Lossy', 1782),
	(1384, 'La Corbaz', 1782),
	(1385, 'Cormagens', 1782),
	(1386, 'Formangueires', 1782),
	(1387, 'Villarlod', 1695),
	(1388, 'Rueyres-St-Laurent', 1695),
	(1389, 'Estavayer-le-Gibloux', 1695),
	(1390, 'Villarsel-le-Gibloux', 1695),
	(1391, 'Vuisternens-en-Ogoz', 1696),
	(1392, 'Farvagny-le-Grand', 1726),
	(1393, 'Farvagny-le-Petit', 1726),
	(1394, 'Grenilles', 1726),
	(1395, 'Posat', 1726),
	(1396, 'Corpataux', 1727),
	(1397, 'Magnedens', 1727),
	(1398, 'Rossens FR', 1728),
	(1399, 'Prez-vers-Noréaz', 1746),
	(1400, 'Corserey', 1747),
	(1401, 'Noréaz', 1757),
	(1402, 'Courgevaux', 1796),
	(1403, 'Villarepos', 1583),
	(1404, 'Pensier', 1783),
	(1405, 'Barberêche', 1783),
	(1406, 'Courtepin', 1784),
	(1407, 'Wallenried', 1784),
	(1408, 'Courtaman', 1791),
	(1409, 'Cressier FR', 1785),
	(1410, 'Fräschels', 3284),
	(1411, 'Galmiz', 3285),
	(1412, 'Gempenach', 3215),
	(1413, 'Greng', 3280),
	(1414, 'Cordast', 1792),
	(1415, 'Guschelmuth', 1792),
	(1416, 'Wallenbuch', 3206),
	(1417, 'Gurmels', 3212),
	(1418, 'Kleingurmels', 3212),
	(1419, 'Liebistorf', 3213),
	(1420, 'Kerzers', 3210),
	(1421, 'Kleinbösingen', 3213),
	(1422, 'Meyriez', 3280),
	(1423, 'Misery', 1721),
	(1424, 'Cormérod', 1721),
	(1425, 'Courtion', 1721),
	(1426, 'Cournillens', 1721),
	(1427, 'Muntelier', 3286),
	(1428, 'Jeuss', 1793),
	(1429, 'Salvenach', 1794),
	(1430, 'Courlevon', 1795),
	(1431, 'Büchslen', 3215),
	(1432, 'Lurtigen', 3215),
	(1433, 'Murten', 3280),
	(1434, 'Ried b. Kerzers', 3216),
	(1435, 'Agriswil', 3216),
	(1436, 'Ulmiz', 3214),
	(1437, 'Sugiez', 1786),
	(1438, 'Môtier (Vully)', 1787),
	(1439, 'Mur (Vully) FR', 1787),
	(1440, 'Praz (Vully)', 1788),
	(1441, 'Lugnorre', 1789),
	(1442, 'Alterswil FR', 1715),
	(1443, 'Brünisried', 1719),
	(1444, 'Düdingen', 3186),
	(1445, 'Giffers', 1735),
	(1446, 'Bösingen', 3178),
	(1447, 'Heitenried', 1714),
	(1448, 'Plaffeien', 1716),
	(1449, 'Oberschrot', 1716),
	(1450, 'Schwarzsee', 1716),
	(1451, 'Zumholz', 1719),
	(1452, 'Plasselb', 1737),
	(1453, 'Rechthalten', 1718),
	(1454, 'St. Antoni', 1713),
	(1455, 'St. Silvester', 1736),
	(1456, 'St. Ursen', 1717),
	(1457, 'Schmitten FR', 3185),
	(1458, 'Tafers', 1712),
	(1459, 'Tentlingen', 1734),
	(1460, 'Ueberstorf', 3182),
	(1461, 'Flamatt', 3175),
	(1462, 'Wünnewil', 3184),
	(1463, 'Attalens', 1616),
	(1464, 'Tatroz', 1617),
	(1465, 'Bossonnens', 1615),
	(1466, 'Châtel-St-Denis', 1618),
	(1467, 'Les Paccots', 1619),
	(1468, 'Granges (Veveyse)', 1614),
	(1469, 'Remaufens', 1617),
	(1470, 'St-Martin FR', 1609),
	(1471, 'Besencens', 1609),
	(1472, 'Fiaugères', 1609),
	(1473, 'Semsales', 1623),
	(1474, 'Porsel', 1699),
	(1475, 'Pont (Veveyse)', 1699),
	(1476, 'Bouloz', 1699),
	(1477, 'Le Crêt-près-Semsales', 1611),
	(1478, 'La Verrerie', 1624),
	(1479, 'Grattavache', 1624),
	(1480, 'Progens', 1624),
	(1481, 'Progens', 1624),
	(1482, 'Egerkingen', 4622),
	(1483, 'Härkingen', 4624),
	(1484, 'Kestenholz', 4703),
	(1485, 'Neuendorf', 4623),
	(1486, 'Niederbuchsiten', 4626),
	(1487, 'Oberbuchsiten', 4625),
	(1488, 'Oensingen', 4702),
	(1489, 'Wolfwil', 4628),
	(1490, 'Aedermannsdorf', 4714),
	(1491, 'Balsthal', 4710),
	(1492, 'Gänsbrunnen', 4716),
	(1493, 'Herbetswil', 4715),
	(1494, 'Holderbank SO', 4718),
	(1495, 'Laupersdorf', 4712),
	(1496, 'Matzendorf', 4713),
	(1497, 'Mümliswil', 4717),
	(1498, 'Ramiswil', 4719),
	(1499, 'Welschenrohr', 4716),
	(1500, 'Biezwil', 4585),
	(1501, 'Lüterkofen', 4571),
	(1502, 'Ichertswil', 4571),
	(1503, 'Lüterswil', 4584),
	(1504, 'Gächliwil', 4584),
	(1505, 'Messen', 3254),
	(1506, 'Balm b. Messen', 3254),
	(1507, 'Brunnenthal', 3307),
	(1508, 'Oberramsern', 4588),
	(1509, 'Schnottwil', 3253),
	(1510, 'Unterramsern', 4588),
	(1511, 'Nennigkofen', 4574),
	(1512, 'Lüsslingen', 4574),
	(1513, 'Tscheppach', 4576),
	(1514, 'Hessigkofen', 4577),
	(1515, 'Bibern SO', 4578),
	(1516, 'Gossliwil', 4579),
	(1517, 'Küttigkofen', 4581),
	(1518, 'Brügglen', 4582),
	(1519, 'Mühledorf SO', 4583),
	(1520, 'Aetigkofen', 4583),
	(1521, 'Kyburg-Buchegg', 4586),
	(1522, 'Aetingen', 4587),
	(1523, 'Brittern', 4588),
	(1524, 'Bättwil', 4112),
	(1525, 'Büren SO', 4413),
	(1526, 'Dornach', 4143),
	(1527, 'Gempen', 4145),
	(1528, 'Hochwald', 4146),
	(1529, 'Flüh', 4112),
	(1530, 'Hofstetten SO', 4114),
	(1531, 'Mariastein', 4115),
	(1532, 'Metzerlen', 4116),
	(1533, 'Nuglar', 4412),
	(1534, 'St. Pantaleon', 4421),
	(1535, 'Rodersdorf', 4118),
	(1536, 'Seewen SO', 4206),
	(1537, 'Witterswil', 4108),
	(1538, 'Hauenstein', 4633),
	(1539, 'Kienberg', 4468),
	(1540, 'Lostorf', 4654),
	(1541, 'Niedergösgen', 5013),
	(1542, 'Obergösgen', 4653),
	(1543, 'Rohr b. Olten', 4655),
	(1544, 'Stüsslingen', 4655),
	(1545, 'Trimbach', 4632),
	(1546, 'Winznau', 4652),
	(1547, 'Wisen SO', 4634),
	(1548, 'Erlinsbach SO', 5015),
	(1549, 'Aeschi SO', 4556),
	(1550, 'Burgäschi', 4556),
	(1551, 'Steinhof SO', 4556),
	(1552, 'Biberist', 4562),
	(1553, 'Bolken', 4556),
	(1554, 'Deitingen', 4543),
	(1555, 'Derendingen', 4552),
	(1556, 'Etziken', 4554),
	(1557, 'Gerlafingen', 4563),
	(1558, 'Halten', 4566),
	(1559, 'Horriwil', 4557),
	(1560, 'Hüniken', 4554),
	(1561, 'Kriegstetten', 4566),
	(1562, 'Lohn-Ammannsegg', 4573),
	(1563, 'Luterbach', 4542),
	(1564, 'Obergerlafingen', 4564),
	(1565, 'Oekingen', 4566),
	(1566, 'Recherswil', 4565),
	(1567, 'Subingen', 4553),
	(1568, 'Zuchwil', 4528),
	(1569, 'Hersiwil', 4558),
	(1570, 'Heinrichswil', 4558),
	(1571, 'Winistorf', 4558),
	(1572, 'Balmberg', 4524),
	(1573, 'Oberbalmberg', 4524),
	(1574, 'Balm b. Günsberg', 4525),
	(1575, 'Bellach', 4512),
	(1576, 'Bettlach', 2544),
	(1577, 'Feldbrunnen', 4532),
	(1578, 'Flumenthal', 4534),
	(1579, 'Grenchen', 2540),
	(1580, 'Günsberg', 4524),
	(1581, 'Hubersdorf', 4535),
	(1582, 'Kammersrohr', 4535),
	(1583, 'Langendorf', 4513),
	(1584, 'Lommiswil', 4514),
	(1585, 'Oberdorf SO', 4515),
	(1586, 'Weissenstein b. Solothurn', 4515),
	(1587, 'Niederwil SO', 4523),
	(1588, 'Riedholz', 4533),
	(1589, 'Rüttenen', 4522),
	(1590, 'Selzach', 2545),
	(1591, 'Boningen', 4618),
	(1592, 'Däniken SO', 4658),
	(1593, 'Dulliken', 4657),
	(1594, 'Wöschnau', 5012),
	(1595, 'Eppenberg', 5012),
	(1596, 'Fulenbach', 4629),
	(1597, 'Gretzenbach', 5014),
	(1598, 'Gunzgen', 4617),
	(1599, 'Hägendorf', 4614),
	(1600, 'Allerheiligenberg', 4615),
	(1601, 'Kappel SO', 4616),
	(1602, 'Olten', 4600),
	(1603, 'Rickenbach SO', 4613),
	(1604, 'Schönenwerd', 5012),
	(1605, 'Starrkirch-Wil', 4656),
	(1606, 'Walterswil SO', 5746),
	(1607, 'Wangen b. Olten', 4612),
	(1608, 'Solothurn', 4500),
	(1609, 'Bärschwil', 4252),
	(1610, 'Beinwil SO', 4229),
	(1611, 'Breitenbach', 4226),
	(1612, 'Büsserach', 4227),
	(1613, 'Erschwil', 4228),
	(1614, 'Fehren', 4232),
	(1615, 'Grindel', 4247),
	(1616, 'Himmelried', 4204),
	(1617, 'Kleinlützel', 4245),
	(1618, 'Meltingen', 4233),
	(1619, 'Nunningen', 4208),
	(1620, 'Zullwil', 4234),
	(1621, 'Basel', 4001),
	(1622, 'Basel', 4031),
	(1623, 'Basel', 4031),
	(1624, 'Basel', 4051),
	(1625, 'Basel', 4052),
	(1626, 'Basel', 4052),
	(1627, 'Basel', 4053),
	(1628, 'Basel', 4054),
	(1629, 'Basel', 4055),
	(1630, 'Basel', 4056),
	(1631, 'Basel', 4057),
	(1632, 'Basel', 4058),
	(1633, 'Basel', 4059),
	(1634, 'Bettingen', 4126),
	(1635, 'Riehen', 4125),
	(1636, 'Aesch BL', 4147),
	(1637, 'Allschwil', 4123),
	(1638, 'Arlesheim', 4144),
	(1639, 'Biel-Benken BL', 4105),
	(1640, 'Bruderholz', 4101),
	(1641, 'Binningen', 4102),
	(1642, 'Birsfelden', 4127),
	(1643, 'Bottmingen', 4103),
	(1644, 'Ettingen', 4107),
	(1645, 'Münchenstein', 4142),
	(1646, 'Muttenz', 4132),
	(1647, 'Oberwil BL', 4104),
	(1648, 'Pfeffingen', 4148),
	(1649, 'Reinach BL', 4153),
	(1650, 'Schönenbuch', 4124),
	(1651, 'Therwil', 4106),
	(1652, 'Blauen', 4223),
	(1653, 'Brislach', 4225),
	(1654, 'Burg im Leimental', 4117),
	(1655, 'Dittingen', 4243),
	(1656, 'Duggingen', 4202),
	(1657, 'Grellingen', 4203),
	(1658, 'Laufen', 4242),
	(1659, 'Liesberg', 4253),
	(1660, 'Liesberg Dorf', 4254),
	(1661, 'Nenzlingen', 4224),
	(1662, 'Roggenburg', 2814),
	(1663, 'Röschenz', 4244),
	(1664, 'Wahlen b. Laufen', 4246),
	(1665, 'Zwingen', 4222),
	(1666, 'Arisdorf', 4422),
	(1667, 'Augst BL', 4302),
	(1668, 'Bubendorf', 4416),
	(1669, 'Frenkendorf', 4402),
	(1670, 'Füllinsdorf', 4414),
	(1671, 'Giebenach', 4304),
	(1672, 'Hersberg', 4423),
	(1673, 'Lausen', 4415),
	(1674, 'Liestal', 4410),
	(1675, 'Lupsingen', 4419),
	(1676, 'Pratteln', 4133),
	(1677, 'Ramlinsburg', 4433),
	(1678, 'Seltisberg', 4411),
	(1679, 'Ziefen', 4417),
	(1680, 'Anwil', 4469),
	(1681, 'Böckten', 4461),
	(1682, 'Buckten', 4446),
	(1683, 'Buus', 4463),
	(1684, 'Diepflingen', 4442),
	(1685, 'Gelterkinden', 4460),
	(1686, 'Häfelfingen', 4445),
	(1687, 'Hemmiken', 4465),
	(1688, 'Itingen', 4452),
	(1689, 'Känerkinden', 4447),
	(1690, 'Kilchberg BL', 4496),
	(1691, 'Läufelfingen', 4448),
	(1692, 'Maisprach', 4464),
	(1693, 'Nusshof', 4453),
	(1694, 'Oltingen', 4494),
	(1695, 'Ormalingen', 4466),
	(1696, 'Rickenbach BL', 4462),
	(1697, 'Rothenfluh', 4467),
	(1698, 'Rümlingen', 4444),
	(1699, 'Rünenberg', 4497),
	(1700, 'Sissach', 4450),
	(1701, 'Tecknau', 4492),
	(1702, 'Tenniken', 4456),
	(1703, 'Thürnen', 4441),
	(1704, 'Wenslingen', 4493),
	(1705, 'Wintersingen', 4451),
	(1706, 'Wittinsburg', 4443),
	(1707, 'Zeglingen', 4495),
	(1708, 'Zunzgen', 4455),
	(1709, 'Arboldswil', 4424),
	(1710, 'Bennwil', 4431),
	(1711, 'Bretzwil', 4207),
	(1712, 'Diegten', 4457),
	(1713, 'Eptingen', 4458),
	(1714, 'Hölstein', 4434),
	(1715, 'Lampenberg', 4432),
	(1716, 'Langenbruck', 4438),
	(1717, 'Lauwil', 4426),
	(1718, 'Liedertswil', 4436),
	(1719, 'Niederdorf', 4435),
	(1720, 'Oberdorf BL', 4436),
	(1721, 'Reigoldswil', 4418),
	(1722, 'Titterten', 4425),
	(1723, 'Waldenburg', 4437),
	(1724, 'Gächlingen', 8214),
	(1725, 'Gächlingen', 8214),
	(1726, 'Löhningen', 8224),
	(1727, 'Neunkirch', 8213),
	(1728, 'Büttenhardt', 8236),
	(1729, 'Dörflingen', 8239),
	(1730, 'Lohn SH', 8235),
	(1731, 'Stetten SH', 8234),
	(1732, 'Opfertshofen SH', 8236),
	(1733, 'Thayngen', 8240),
	(1734, 'Barzheim', 8241),
	(1735, 'Bibern SH', 8242),
	(1736, 'Hofen SH', 8242),
	(1737, 'Altdorf SH', 8243),
	(1738, 'Bargen SH', 8233),
	(1739, 'Beringen', 8222),
	(1740, 'Guntmadingen', 8223),
	(1741, 'Buchberg', 8454),
	(1742, 'Merishausen', 8232),
	(1743, 'Neuhausen am Rheinfall', 8212),
	(1744, 'Rüdlingen', 8455),
	(1745, 'Schaffhausen', 8200),
	(1746, 'Schaffhausen', 8203),
	(1747, 'Schaffhausen', 8207),
	(1748, 'Schaffhausen', 8208),
	(1749, 'Hemmental', 8231),
	(1750, 'Beggingen', 8228),
	(1751, 'Schleitheim', 8226),
	(1752, 'Siblingen', 8225),
	(1753, 'Buch SH', 8263),
	(1754, 'Hemishofen', 8261),
	(1755, 'Ramsen', 8262),
	(1756, 'Stein am Rhein', 8260),
	(1757, 'Hallau', 8215),
	(1758, 'Oberhallau', 8216),
	(1759, 'Trasadingen', 8219),
	(1760, 'Wilchingen', 8217),
	(1761, 'Wilchingen', 8217),
	(1762, 'Osterfingen', 8218),
	(1763, 'Herisau', 9100),
	(1764, 'Schachen b. Herisau', 9112),
	(1765, 'Hundwil', 9064),
	(1766, 'Schönengrund', 9105),
	(1767, 'Schwellbrunn', 9103),
	(1768, 'Stein AR', 9063),
	(1769, 'Urnäsch', 9107),
	(1770, 'Waldstatt', 9104),
	(1771, 'Bühler', 9055),
	(1772, 'Gais', 9056),
	(1773, 'Speicherschwendi', 9037),
	(1774, 'Speicher', 9042),
	(1775, 'Niederteufen', 9052),
	(1776, 'Teufen AR', 9053),
	(1777, 'Lustmühle', 9062),
	(1778, 'Trogen', 9043),
	(1779, 'Grub AR', 9035),
	(1780, 'Heiden', 9410),
	(1781, 'Wienacht-Tobel', 9405),
	(1782, 'Lutzenberg', 9426),
	(1783, 'Rehetobel', 9038),
	(1784, 'Reute AR', 9411),
	(1785, 'Schachen b. Reute', 9411),
	(1786, 'Wald AR', 9044),
	(1787, 'Walzenhausen', 9428),
	(1788, 'Wolfhalden', 9427),
	(1789, 'Appenzell', 9050),
	(1790, 'Appenzell Meistersrüte', 9050),
	(1791, 'Gonten', 9108),
	(1792, 'Gontenbad', 9108),
	(1793, 'Jakobsbad', 9108),
	(1794, 'Appenzell Eggerstanden', 9050),
	(1795, 'Appenzell Steinegg', 9050),
	(1796, 'Weissbad', 9057),
	(1797, 'Brülisau', 9058),
	(1798, 'Appenzell Enggenhütten', 9050),
	(1799, 'Appenzell Schlatt', 9050),
	(1800, 'Haslen AI', 9054),
	(1801, 'Schwende', 9057),
	(1802, 'Wasserauen', 9057),
	(1803, 'Oberegg', 9413),
	(1804, 'Oberegg', 9413),
	(1805, 'Büriswilen', 9442),
	(1806, 'Lömmenschwil', 9308),
	(1807, 'Häggenschwil', 9312),
	(1808, 'Muolen', 9313),
	(1809, 'St. Gallen', 9000),
	(1810, 'St. Gallen', 9008),
	(1811, 'St. Gallen', 9010),
	(1812, 'St. Gallen', 9011),
	(1813, 'St. Gallen', 9012),
	(1814, 'St. Gallen', 9014),
	(1815, 'St. Gallen', 9015),
	(1816, 'St. Gallen', 9016),
	(1817, 'Wittenbach', 9300),
	(1818, 'Berg SG', 9305),
	(1819, 'Eggersriet', 9034),
	(1820, 'Grub SG', 9036),
	(1821, 'Goldach', 9403),
	(1822, 'Mörschwil', 9402),
	(1823, 'Rorschach', 9400),
	(1824, 'Rorschacherberg', 9404),
	(1825, 'Steinach', 9323),
	(1826, 'Tübach', 9327),
	(1827, 'Untereggen', 9033),
	(1828, 'Au SG', 9434),
	(1829, 'Heerbrugg', 9435),
	(1830, 'Balgach', 9436),
	(1831, 'Reute AR', 9411),
	(1832, 'Berneck', 9442),
	(1833, 'Diepoldsau', 9444),
	(1834, 'Rheineck', 9424),
	(1835, 'St. Margrethen SG', 9430),
	(1836, 'Staad SG', 9422),
	(1837, 'Altenrhein', 9423),
	(1838, 'Thal', 9425),
	(1839, 'Widnau', 9443),
	(1840, 'Altstätten SG', 9450),
	(1841, 'Lüchingen', 9450),
	(1842, 'Hinterforst', 9452),
	(1843, 'Lienz', 9464),
	(1844, 'Eichberg', 9453),
	(1845, 'Marbach SG', 9437),
	(1846, 'Kriessern', 9451),
	(1847, 'Montlingen', 9462),
	(1848, 'Montlingen', 9462),
	(1849, 'Oberriet SG', 9463),
	(1850, 'Rebstein', 9445),
	(1851, 'Rüthi (Rheintal)', 9464),
	(1852, 'Buchs SG', 9470),
	(1853, 'Gams', 9473),
	(1854, 'Werdenberg', 9470),
	(1855, 'Grabs', 9472),
	(1856, 'Grabserberg', 9472),
	(1857, 'Salez', 9465),
	(1858, 'Sennwald', 9466),
	(1859, 'Frümsen', 9467),
	(1860, 'Sax', 9468),
	(1861, 'Haag (Rheintal)', 9469),
	(1862, 'Sevelen', 9475),
	(1863, 'Weite', 9476),
	(1864, 'Fontnas', 9476),
	(1865, 'Trübbach', 9477),
	(1866, 'Azmoos', 9478),
	(1867, 'Oberschan', 9479),
	(1868, 'Malans SG', 9479),
	(1869, 'Gretschins', 9479),
	(1870, 'Bad Ragaz', 7310),
	(1871, 'Flums', 8890),
	(1872, 'Flums Hochwiese', 8893),
	(1873, 'Flumserberg Saxli', 8894),
	(1874, 'Flumserberg Portels', 8895),
	(1875, 'Flumserberg Bergheim', 8896),
	(1876, 'Flumserberg Tannenheim', 8897),
	(1877, 'Flumserberg Tannenbodenalp', 8898),
	(1878, 'Schwendi im Weisstannental', 7325),
	(1879, 'Weisstannen', 7326),
	(1880, 'Mädris-Vermol', 8886),
	(1881, 'Mels', 8887),
	(1882, 'Heiligkreuz (Mels)', 8888),
	(1883, 'Plons', 8889),
	(1884, 'Pfäfers', 7312),
	(1885, 'St. Margrethenberg', 7313),
	(1886, 'Vadura', 7314),
	(1887, 'Vättis', 7315),
	(1888, 'Valens', 7317),
	(1889, 'Vasön', 7317),
	(1890, 'Murg', 8877),
	(1891, 'Quinten', 8878),
	(1892, 'Unterterzen', 8882),
	(1893, 'Quarten', 8883),
	(1894, 'Oberterzen', 8884),
	(1895, 'Mols', 8885),
	(1896, 'Sargans', 7320),
	(1897, 'Wangs', 7323),
	(1898, 'Wangs', 7323),
	(1899, 'Vilters', 7324),
	(1900, 'Walenstadt', 8880),
	(1901, 'Walenstadtberg', 8881),
	(1902, 'Tscherlach', 8881),
	(1903, 'Berschis', 8892),
	(1904, 'Amden', 8873),
	(1905, 'Benken SG', 8717),
	(1906, 'Kaltbrunn', 8722),
	(1907, 'Schänis', 8718),
	(1908, 'Rufi', 8723),
	(1909, 'Maseltrangen', 8723),
	(1910, 'Ziegelbrücke', 8866),
	(1911, 'Weesen', 8872),
	(1912, 'Schmerikon', 8716),
	(1913, 'Uznach', 8730),
	(1914, 'Rapperswil SG', 8640),
	(1915, 'Jona', 8645),
	(1916, 'Wagen', 8646),
	(1917, 'Bollingen', 8715),
	(1918, 'Ernetschwil', 8725),
	(1919, 'Gebertingen', 8725),
	(1920, 'Gommiswald', 8737),
	(1921, 'Uetliburg SG', 8738),
	(1922, 'Rieden SG', 8739),
	(1923, 'Goldingen', 8638),
	(1924, 'Walde SG', 8727),
	(1925, 'Neuhaus SG', 8732),
	(1926, 'Eschenbach SG', 8733),
	(1927, 'Ermenswil', 8734),
	(1928, 'St. Gallenkappel', 8735),
	(1929, 'Rüeterswil', 8735),
	(1930, 'Ebnat-Kappel', 9642),
	(1931, 'Alt St. Johann', 9656),
	(1932, 'Unterwasser', 9657),
	(1933, 'Wildhaus', 9658),
	(1934, 'Krummenau', 9643),
	(1935, 'Nesslau', 9650),
	(1936, 'Ennetbühl', 9651),
	(1937, 'Neu St. Johann', 9652),
	(1938, 'Stein SG', 9655),
	(1939, 'Hemberg', 9633),
	(1940, 'Bächli (Hemberg)', 9633),
	(1941, 'Lichtensteig', 9620),
	(1942, 'Oberhelfenschwil', 9621),
	(1943, 'Hoffeld', 9114),
	(1944, 'Dicken', 9115),
	(1945, 'Mogelsberg', 9122),
	(1946, 'Ebersol', 9122),
	(1947, 'Nassen', 9123),
	(1948, 'Brunnadern', 9125),
	(1949, 'Necker', 9126),
	(1950, 'St. Peterzell', 9127),
	(1951, 'Ricken SG', 8726),
	(1952, 'Krinau', 9622),
	(1953, 'Wattwil', 9630),
	(1954, 'Ulisbach', 9631),
	(1955, 'Wil SG', 9500),
	(1956, 'Kirchberg SG', 9533),
	(1957, 'Dietschwil', 9533),
	(1958, 'Gähwil', 9534),
	(1959, 'Bazenheid', 9602),
	(1960, 'Müselbach', 9602),
	(1961, 'Lütisburg Station', 9601),
	(1962, 'Lütisburg', 9604),
	(1963, 'Unterrindal', 9604),
	(1964, 'Mosnang', 9607),
	(1965, 'Dreien', 9612),
	(1966, 'Mühlrüti', 9613),
	(1967, 'Libingen', 9614),
	(1968, 'Bütschwil', 9606),
	(1969, 'Ganterschwil', 9608),
	(1970, 'Dietfurt', 9615),
	(1971, 'Degersheim', 9113),
	(1972, 'Wolfertswil', 9116),
	(1973, 'Flawil', 9230),
	(1974, 'Egg (Flawil)', 9231),
	(1975, 'Jonschwil', 9243),
	(1976, 'Rickenbach b. Wil', 9532),
	(1977, 'Schwarzenbach SG', 9536),
	(1978, 'Oberrindal', 9604),
	(1979, 'Niederglatt SG', 9240),
	(1980, 'Oberuzwil', 9242),
	(1981, 'Bichwil', 9248),
	(1982, 'Uzwil', 9240),
	(1983, 'Niederuzwil', 9244),
	(1984, 'Henau', 9247),
	(1985, 'Algetshausen', 9249),
	(1986, 'Niederstetten', 9249),
	(1987, 'Oberstetten', 9249),
	(1988, 'Niederbüren', 9246),
	(1989, 'Lenggenwil', 9525),
	(1990, 'Zuckenriet', 9526),
	(1991, 'Niederhelfenschwil', 9527),
	(1992, 'Niederwil SG', 9203),
	(1993, 'Oberbüren', 9245),
	(1994, 'Sonnental', 9245),
	(1995, 'Züberwangen', 9523),
	(1996, 'Zuzwil SG', 9524),
	(1997, 'Wil SG', 9500),
	(1998, 'Rossrüti', 9512),
	(1999, 'Bronschhofen', 9552),
	(2000, 'Andwil SG', 9204),
	(2001, 'Abtwil SG', 9030),
	(2002, 'St. Josefen', 9030),
	(2003, 'Engelburg', 9032),
	(2004, 'Gossau SG', 9200),
	(2005, 'Arnegg', 9212),
	(2006, 'Waldkirch', 9205),
	(2007, 'Bernhardzell', 9304),
	(2008, 'Valbella', 7077),
	(2009, 'Lenzerheide/Lai', 7078),
	(2010, 'Vaz/Obervaz', 7082),
	(2011, 'Tiefencastel', 7450),
	(2012, 'Lantsch/Lenz', 7083),
	(2013, 'Schmitten (Albula)', 7493),
	(2014, 'Brienz/Brinzauls GR', 7084),
	(2015, 'Tiefencastel', 7450),
	(2016, 'Alvaschein', 7451),
	(2017, 'Mon', 7458),
	(2018, 'Stierva', 7459),
	(2019, 'Surava', 7472),
	(2020, 'Alvaneu Bad', 7473),
	(2021, 'Alvaneu Dorf', 7492),
	(2022, 'Cunter', 7452),
	(2023, 'Tinizong', 7453),
	(2024, 'Rona', 7454),
	(2025, 'Mulegns', 7455),
	(2026, 'Sur', 7456),
	(2027, 'Marmorera', 7456),
	(2028, 'Bivio', 7457),
	(2029, 'Savognin', 7460),
	(2030, 'Salouf', 7462),
	(2031, 'Riom', 7463),
	(2032, 'Riom', 7463),
	(2033, 'Parsonz', 7464),
	(2034, 'Filisur', 7477),
	(2035, 'Bergün/Bravuogn', 7482),
	(2036, 'Preda', 7482),
	(2037, 'Stugl/Stuls', 7482),
	(2038, 'Latsch', 7484),
	(2039, 'Brusio', 7743),
	(2040, 'Campocologno', 7744),
	(2041, 'Viano', 7747),
	(2042, 'Campascio', 7748),
	(2043, 'Ospizio Bernina', 7710),
	(2044, 'Alp Grüm', 7710),
	(2045, 'S. Carlo (Poschiavo)', 7741),
	(2046, 'Poschiavo', 7742),
	(2047, 'Sfazù', 7742),
	(2048, 'La Rösa', 7742),
	(2049, 'Miralago', 7743),
	(2050, 'Li Curt', 7745),
	(2051, 'Le Prese', 7746),
	(2052, 'Falera', 7153),
	(2053, 'Laax GR', 7031),
	(2054, 'Laax GR 2', 7032),
	(2055, 'Sagogn', 7152),
	(2056, 'Schluein', 7151),
	(2057, 'St. Martin (Lugnez)', 7116),
	(2058, 'Vals', 7132),
	(2059, 'Peiden', 7110),
	(2060, 'Camuns', 7113),
	(2061, 'Uors (Lumnezia)', 7114),
	(2062, 'Surcasti', 7115),
	(2063, 'Tersnaus', 7116),
	(2064, 'Cumbel', 7142),
	(2065, 'Morissen', 7143),
	(2066, 'Vella', 7144),
	(2067, 'Degen', 7145),
	(2068, 'Vattiz', 7146),
	(2069, 'Vignogn', 7147),
	(2070, 'Lumbrein', 7148),
	(2071, 'Vrin', 7149),
	(2072, 'Pitasch', 7111),
	(2073, 'Duvin', 7112),
	(2074, 'Castrisch', 7126),
	(2075, 'Sevgein', 7127),
	(2076, 'Riein', 7128),
	(2077, 'Ilanz', 7130),
	(2078, 'Schnaus', 7130),
	(2079, 'Schnaus', 7130),
	(2080, 'Luven', 7141),
	(2081, 'Ruschein', 7154),
	(2082, 'Ladir', 7155),
	(2083, 'Ladir', 7155),
	(2084, 'Rueun', 7156),
	(2085, 'Pigniu', 7156),
	(2086, 'Siat', 7157),
	(2087, 'Fürstenaubruck', 7413),
	(2088, 'Fürstenau', 7414),
	(2089, 'Rothenbrunnen', 7405),
	(2090, 'Scharans', 7412),
	(2091, 'Sils im Domleschg', 7411),
	(2092, 'Cazis', 7408),
	(2093, 'Summaprada', 7421),
	(2094, 'Tartar', 7422),
	(2095, 'Sarn', 7423),
	(2096, 'Portein', 7423),
	(2097, 'Präz', 7424),
	(2098, 'Dalin', 7424),
	(2099, 'Flerden', 7426),
	(2100, 'Flerden', 7426),
	(2101, 'Masein', 7425),
	(2102, 'Thusis', 7430),
	(2103, 'Mutten', 7431),
	(2104, 'Obermutten', 7431),
	(2105, 'Tschappina', 7428),
	(2106, 'Urmein', 7427),
	(2107, 'Versam', 7104),
	(2108, 'Tenna', 7106),
	(2109, 'Safien Platz', 7107),
	(2110, 'Thalkirch', 7109),
	(2111, 'Valendas', 7122),
	(2112, 'Feldis/Veulden', 7404),
	(2113, 'Trans', 7407),
	(2114, 'Rodels', 7415),
	(2115, 'Pratval', 7415),
	(2116, 'Almens', 7416),
	(2117, 'Paspels', 7417),
	(2118, 'Tumegl/Tomils', 7418),
	(2119, 'Scheid', 7419),
	(2120, 'Campsut-Cröt', 7446),
	(2121, 'Cresta (Avers)', 7447),
	(2122, 'Am Bach (Avers)', 7447),
	(2123, 'Juf', 7448),
	(2124, 'Sufers', 7434),
	(2125, 'Andeer', 7440),
	(2126, 'Clugin', 7442),
	(2127, 'Pignia', 7443),
	(2128, 'Wergenstein', 7433),
	(2129, 'Donat', 7433),
	(2130, 'Lohn GR', 7433),
	(2131, 'Mathon', 7433),
	(2132, 'Rongellen', 7430),
	(2133, 'Zillis', 7432),
	(2134, 'Ausserferrera', 7444),
	(2135, 'Innerferrera', 7445),
	(2136, 'Innerferrera', 7445),
	(2137, 'Splügen', 7435),
	(2138, 'Medels im Rheinwald', 7436),
	(2139, 'Nufenen', 7437),
	(2140, 'Hinterrhein', 7438),
	(2141, 'Bonaduz', 7402),
	(2142, 'Domat/Ems', 7013),
	(2143, 'Rhäzüns', 7403),
	(2144, 'Felsberg', 7012),
	(2145, 'Flims Dorf', 7017),
	(2146, 'Flims Waldhaus', 7018),
	(2147, 'Fidaz', 7019),
	(2148, 'Tamins', 7015),
	(2149, 'Trin', 7014),
	(2150, 'Trin Mulin', 7016),
	(2151, 'Brail', 7527),
	(2152, 'Zernez', 7530),
	(2153, 'Susch', 7542),
	(2154, 'Lavin', 7543),
	(2155, 'Samnaun-Compatsch', 7562),
	(2156, 'Samnaun Dorf', 7563),
	(2157, 'Guarda', 7545),
	(2158, 'Ardez', 7546),
	(2159, 'Scuol', 7550),
	(2160, 'Ftan', 7551),
	(2161, 'Vulpera', 7552),
	(2162, 'Tarasp', 7553),
	(2163, 'Sent', 7554),
	(2164, 'Ramosch', 7556),
	(2165, 'Ramosch', 7556),
	(2166, 'Vnà', 7557),
	(2167, 'Strada', 7558),
	(2168, 'Tschlin', 7559),
	(2169, 'Martina', 7560),
	(2170, 'Bever', 7502),
	(2171, 'Bever', 7502),
	(2172, 'Celerina/Schlarigna', 7505),
	(2173, 'Madulain', 7523),
	(2174, 'Madulain', 7523),
	(2175, 'Pontresina', 7504),
	(2176, 'La Punt-Chamues-ch', 7522),
	(2177, 'Samedan', 7503),
	(2178, 'St. Moritz', 7500),
	(2179, 'S-chanf', 7525),
	(2180, 'Cinuos-chel', 7526),
	(2181, 'Sils/Segl Maria', 7514),
	(2182, 'Fex', 7514),
	(2183, 'Sils/Segl Baselgia', 7515),
	(2184, 'Plaun da Lej', 7517),
	(2185, 'Champfèr', 7512),
	(2186, 'Silvaplana', 7513),
	(2187, 'Silvaplana-Surlej', 7513),
	(2188, 'Zuoz', 7524),
	(2189, 'Zuoz', 7524),
	(2190, 'Maloja', 7516),
	(2191, 'Casaccia', 7602),
	(2192, 'Vicosoprano', 7603),
	(2193, 'Borgonovo', 7604),
	(2194, 'Stampa', 7605),
	(2195, 'Promontogno', 7606),
	(2196, 'Bondo', 7606),
	(2197, 'Castasegna', 7608),
	(2198, 'Soglio', 7610),
	(2199, 'Buseno', 6542),
	(2200, 'Castaneda', 6540),
	(2201, 'Rossa', 6548),
	(2202, 'Augio', 6548),
	(2203, 'Sta. Domenica', 6548),
	(2204, 'Sta. Maria in Calanca', 6541),
	(2205, 'Lostallo', 6558),
	(2206, 'Mesocco', 6563),
	(2207, 'S. Bernardino', 6565),
	(2208, 'Soazza', 6562),
	(2209, 'Cama', 6557),
	(2210, 'Grono', 6537),
	(2211, 'Verdabbio', 6538),
	(2212, 'Verdabbio', 6538),
	(2213, 'Leggia', 6556),
	(2214, 'Roveredo GR', 6535),
	(2215, 'Laura', 6549),
	(2216, 'S. Vittore', 6534),
	(2217, 'S. Vittore', 6534),
	(2218, 'Arvigo', 6543),
	(2219, 'Braggio', 6544),
	(2220, 'Selma', 6545),
	(2221, 'Cauco', 6546),
	(2222, 'Tschierv', 7532),
	(2223, 'Fuldera', 7533),
	(2224, 'Lü', 7534),
	(2225, 'Valchava', 7535),
	(2226, 'Sta. Maria Val Müstair', 7536),
	(2227, 'Müstair', 7537),
	(2228, 'Davos Dorf', 7260),
	(2229, 'Davos Wolfgang', 7265),
	(2230, 'Davos Platz', 7270),
	(2231, 'Davos Clavadel', 7272),
	(2232, 'Davos Frauenkirch', 7276),
	(2233, 'Davos Glaris', 7277),
	(2234, 'Davos Monstein', 7278),
	(2235, 'Davos Wiesen', 7494),
	(2236, 'Fideris', 7235),
	(2237, 'Furna', 7232),
	(2238, 'Pragg-Jenaz', 7231),
	(2239, 'Jenaz', 7233),
	(2240, 'Saas im Prättigau', 7247),
	(2241, 'Serneus', 7249),
	(2242, 'Klosters', 7250),
	(2243, 'Klosters Dorf', 7252),
	(2244, 'Conters im Prättigau', 7241),
	(2245, 'Küblis', 7240),
	(2246, 'Buchen im Prättigau', 7223),
	(2247, 'Putz', 7224),
	(2248, 'Luzein', 7242),
	(2249, 'Pany', 7243),
	(2250, 'Gadenstätt', 7244),
	(2251, 'Ascharina', 7245),
	(2252, 'St. Antönien', 7246),
	(2253, 'Chur', 7000),
	(2254, 'Maladers', 7026),
	(2255, 'Passugg', 7062),
	(2256, 'Malix', 7074),
	(2257, 'Churwalden', 7075),
	(2258, 'Parpan', 7076),
	(2259, 'Castiel', 7027),
	(2260, 'Lüen', 7027),
	(2261, 'Calfreisen', 7027),
	(2262, 'St. Peter', 7028),
	(2263, 'Pagig', 7028),
	(2264, 'Peist', 7029),
	(2265, 'Arosa', 7050),
	(2266, 'Molinis', 7056),
	(2267, 'Langwies', 7057),
	(2268, 'Litzirüti', 7058),
	(2269, 'Praden', 7063),
	(2270, 'Tschiertschen', 7064),
	(2271, 'Haldenstein', 7023),
	(2272, 'Says', 7202),
	(2273, 'Trimmis', 7203),
	(2274, 'Untervaz', 7204),
	(2275, 'Zizers', 7205),
	(2276, 'Fläsch', 7306),
	(2277, 'Jenins', 7307),
	(2278, 'Maienfeld', 7304),
	(2279, 'Malans GR', 7208),
	(2280, 'Igis', 7206),
	(2281, 'Landquart', 7302),
	(2282, 'Mastrils', 7303),
	(2283, 'Valzeina', 7213),
	(2284, 'Grüsch', 7214),
	(2285, 'Fanas', 7215),
	(2286, 'Schiers', 7220),
	(2287, 'Schiers', 7220),
	(2288, 'Lunden', 7222),
	(2289, 'Stels', 7226),
	(2290, 'Stels', 7226),
	(2291, 'Fajauna', 7226),
	(2292, 'Schuders', 7228),
	(2293, 'Pusserein', 7228),
	(2294, 'Seewis Dorf', 7212),
	(2295, 'Seewis-Pardisla', 7212),
	(2296, 'Seewis-Schmitten', 7212),
	(2297, 'Waltensburg/Vuorz', 7158),
	(2298, 'Andiast', 7159),
	(2299, 'Tavanasa', 7162),
	(2300, 'Danis', 7163),
	(2301, 'Dardin', 7164),
	(2302, 'Breil/Brigels', 7165),
	(2303, 'Disentis/Mustér', 7180),
	(2304, 'Cavardiras', 7182),
	(2305, 'Mumpé Medel', 7183),
	(2306, 'Segnas', 7186),
	(2307, 'Curaglia', 7184),
	(2308, 'Platta', 7185),
	(2309, 'Rabius', 7172),
	(2310, 'Surrein', 7173),
	(2311, 'S. Benedetg', 7174),
	(2312, 'Sumvitg', 7175),
	(2313, 'Cumpadials', 7176),
	(2314, 'Camischolas', 7187),
	(2315, 'Sedrun', 7188),
	(2316, 'Rueras', 7189),
	(2317, 'Trun', 7166),
	(2318, 'Zignau', 7167),
	(2319, 'Schlans', 7168),
	(2320, 'Obersaxen', 7134),
	(2321, 'Flond', 7137),
	(2322, 'Surcuolm', 7138),
	(2323, 'Aarau', 5000),
	(2324, 'Aarau', 5004),
	(2325, 'Aarau Rohr', 5032),
	(2326, 'Biberstein', 5023),
	(2327, 'Buchs AG', 5033),
	(2328, 'Asp', 5025),
	(2329, 'Densbüren', 5026),
	(2330, 'Barmelweid', 5017),
	(2331, 'Erlinsbach', 5018),
	(2332, 'Gränichen', 5722),
	(2333, 'Hirschthal', 5042),
	(2334, 'Rombach', 5022),
	(2335, 'Küttigen', 5024),
	(2336, 'Muhen', 5037),
	(2337, 'Oberentfelden', 5036),
	(2338, 'Suhr', 5034),
	(2339, 'Unterentfelden', 5035),
	(2340, 'Baden', 5400),
	(2341, 'Baden', 5404),
	(2342, 'Dättwil AG', 5405),
	(2343, 'Rütihof', 5406),
	(2344, 'Bellikon', 5454),
	(2345, 'Bergdietikon', 8962),
	(2346, 'Birmenstorf AG', 5413),
	(2347, 'Ennetbaden', 5408),
	(2348, 'Fislisbach', 5442),
	(2349, 'Freienwil', 5423),
	(2350, 'Gebenstorf', 5412),
	(2351, 'Vogelsang AG', 5412),
	(2352, 'Killwangen', 8956),
	(2353, 'Künten', 5444),
	(2354, 'Mägenwil', 5506),
	(2355, 'Mellingen', 5507),
	(2356, 'Neuenhof', 5432),
	(2357, 'Niederrohrdorf', 5443),
	(2358, 'Oberrohrdorf', 5452),
	(2359, 'Nussbaumen AG', 5415),
	(2360, 'Hertenstein AG', 5415),
	(2361, 'Rieden AG', 5415),
	(2362, 'Kirchdorf AG', 5416),
	(2363, 'Remetschwil', 5453),
	(2364, 'Spreitenbach', 8957),
	(2365, 'Stetten AG', 5608),
	(2366, 'Turgi', 5300),
	(2367, 'Siggenthal Station', 5301),
	(2368, 'Untersiggenthal', 5417),
	(2369, 'Wettingen', 5430),
	(2370, 'Wohlenschwil', 5512),
	(2371, 'Würenlingen', 5303),
	(2372, 'Würenlos', 5436),
	(2373, 'Kloster Fahr', 8109),
	(2374, 'Ehrendingen', 5420),
	(2375, 'Arni AG', 8905),
	(2376, 'Berikon', 8965),
	(2377, 'Bremgarten AG', 5620),
	(2378, 'Hermetschwil-Staffeln', 5626),
	(2379, 'Büttikon AG', 5619),
	(2380, 'Dottikon', 5605),
	(2381, 'Eggenwil', 5445),
	(2382, 'Fischbach-Göslikon', 5525),
	(2383, 'Hägglingen', 5607),
	(2384, 'Jonen', 8916),
	(2385, 'Niederwil AG', 5524),
	(2386, 'Nesselnbach', 5524),
	(2387, 'Oberlunkhofen', 8917),
	(2388, 'Oberwil-Lieli', 8966),
	(2389, 'Rudolfstetten', 8964),
	(2390, 'Sarmenstorf', 5614),
	(2391, 'Tägerig', 5522),
	(2392, 'Uezwil', 5619),
	(2393, 'Unterlunkhofen', 8918),
	(2394, 'Villmergen', 5612),
	(2395, 'Hilfikon', 5613),
	(2396, 'Widen', 8967),
	(2397, 'Wohlen AG', 5610),
	(2398, 'Anglikon', 5611),
	(2399, 'Zufikon', 5621),
	(2400, 'Islisberg', 8905),
	(2401, 'Auenstein', 5105),
	(2402, 'Birr', 5242),
	(2403, 'Birrhard', 5244),
	(2404, 'Bözen', 5076),
	(2405, 'Schinznach Bad', 5116),
	(2406, 'Brugg AG', 5200),
	(2407, 'Umiken', 5222),
	(2408, 'Effingen', 5078),
	(2409, 'Elfingen', 5077),
	(2410, 'Habsburg', 5245),
	(2411, 'Hausen AG', 5212),
	(2412, 'Lupfig', 5242),
	(2413, 'Scherz', 5246),
	(2414, 'Mandach', 5318),
	(2415, 'Mönthal', 5237),
	(2416, 'Mülligen', 5243),
	(2417, 'Remigen', 5236),
	(2418, 'Riniken', 5223),
	(2419, 'Rüfenach AG', 5235),
	(2420, 'Thalheim AG', 5112),
	(2421, 'Veltheim AG', 5106),
	(2422, 'Stilli', 5233),
	(2423, 'Villigen', 5234),
	(2424, 'Villnachern', 5213),
	(2425, 'Windisch', 5210),
	(2426, 'Bözberg', 5225),
	(2427, 'Schinznach Dorf', 5107),
	(2428, 'Oberflachs', 5108),
	(2429, 'Beinwil am See', 5712),
	(2430, 'Birrwil', 5708),
	(2431, 'Burg AG', 5736),
	(2432, 'Dürrenäsch', 5724),
	(2433, 'Gontenschwil', 5728),
	(2434, 'Holziken', 5043),
	(2435, 'Leimbach AG', 5733),
	(2436, 'Leutwil', 5725),
	(2437, 'Menziken', 5737),
	(2438, 'Oberkulm', 5727),
	(2439, 'Reinach AG', 5734),
	(2440, 'Schlossrued', 5044),
	(2441, 'Schmiedrued', 5046),
	(2442, 'Walde AG', 5046),
	(2443, 'Schöftland', 5040),
	(2444, 'Teufenthal AG', 5723),
	(2445, 'Unterkulm', 5726),
	(2446, 'Zetzwil', 5732),
	(2447, 'Eiken', 5074),
	(2448, 'Frick', 5070),
	(2449, 'Gansingen', 5272),
	(2450, 'Gipf-Oberfrick', 5073),
	(2451, 'Herznach', 5027),
	(2452, 'Hornussen', 5075),
	(2453, 'Kaisten', 5082),
	(2454, 'Ittenthal', 5083),
	(2455, 'Laufenburg', 5080),
	(2456, 'Rheinsulz', 5084),
	(2457, 'Sulz AG', 5085),
	(2458, 'Münchwilen AG', 4333),
	(2459, 'Oberhof', 5062),
	(2460, 'Oeschgen', 5072),
	(2461, 'Schwaderloch', 5326),
	(2462, 'Sisseln AG', 4334),
	(2463, 'Ueken', 5028),
	(2464, 'Wittnau', 5064),
	(2465, 'Wölflinswil', 5063),
	(2466, 'Zeihen', 5079),
	(2467, 'Oberhofen AG', 5273),
	(2468, 'Mettau', 5274),
	(2469, 'Etzgen', 5275),
	(2470, 'Wil AG', 5276),
	(2471, 'Hottwil', 5277),
	(2472, 'Ammerswil AG', 5600),
	(2473, 'Boniswil', 5706),
	(2474, 'Brunegg', 5505),
	(2475, 'Dintikon', 5606),
	(2476, 'Egliswil', 5704),
	(2477, 'Fahrwangen', 5615),
	(2478, 'Hallwil', 5705),
	(2479, 'Hendschiken', 5604),
	(2480, 'Holderbank AG', 5113),
	(2481, 'Hunzenschwil', 5502),
	(2482, 'Lenzburg', 5600),
	(2483, 'Meisterschwanden', 5616),
	(2484, 'Tennwil', 5617),
	(2485, 'Wildegg', 5103),
	(2486, 'Möriken AG', 5103),
	(2487, 'Niederlenz', 5702),
	(2488, 'Othmarsingen', 5504),
	(2489, 'Rupperswil', 5102),
	(2490, 'Schafisheim', 5503),
	(2491, 'Seengen', 5707),
	(2492, 'Seon', 5703),
	(2493, 'Staufen', 5603),
	(2494, 'Abtwil AG', 5646),
	(2495, 'Aristau', 5628),
	(2496, 'Auw', 5644),
	(2497, 'Beinwil (Freiamt)', 5637),
	(2498, 'Besenbüren', 5627),
	(2499, 'Bettwil', 5618),
	(2500, 'Boswil', 5623),
	(2501, 'Bünzen', 5624),
	(2502, 'Waldhäusern AG', 5624),
	(2503, 'Buttwil', 5632),
	(2504, 'Dietwil', 6042),
	(2505, 'Geltwil', 5637),
	(2506, 'Kallern', 5625),
	(2507, 'Merenschwand', 5634),
	(2508, 'Benzenschwil', 5636),
	(2509, 'Mühlau', 5642),
	(2510, 'Muri AG', 5630),
	(2511, 'Oberrüti', 5647),
	(2512, 'Rottenschwil', 8919),
	(2513, 'Sins', 5643),
	(2514, 'Sins', 5643),
	(2515, 'Alikon', 5643),
	(2516, 'Meienberg', 5643),
	(2517, 'Aettenschwil', 5645),
	(2518, 'Fenkrieden', 5645),
	(2519, 'Waltenschwil', 5622),
	(2520, 'Hellikon', 4316),
	(2521, 'Kaiseraugst', 4303),
	(2522, 'Magden', 4312),
	(2523, 'Möhlin', 4313),
	(2524, 'Mumpf', 4322),
	(2525, 'Obermumpf', 4324),
	(2526, 'Olsberg', 4305),
	(2527, 'Rheinfelden', 4310),
	(2528, 'Schupfart', 4325),
	(2529, 'Stein AG', 4332),
	(2530, 'Wallbach', 4323),
	(2531, 'Wegenstetten', 4317),
	(2532, 'Zeiningen', 4314),
	(2533, 'Zuzgen', 4315),
	(2534, 'Aarburg', 4663),
	(2535, 'Bottenwil', 4814),
	(2536, 'Brittnau', 4805),
	(2537, 'Kirchleerau', 5054),
	(2538, 'Kölliken', 5742),
	(2539, 'Moosleerau', 5054),
	(2540, 'Murgenthal', 4853),
	(2541, 'Riken AG', 4853),
	(2542, 'Glashütten', 4856),
	(2543, 'Oftringen', 4665),
	(2544, 'Attelwil', 5056),
	(2545, 'Reitnau', 5057),
	(2546, 'Rothrist', 4852),
	(2547, 'Safenwil', 5745),
	(2548, 'Staffelbach', 5053),
	(2549, 'Wittwil', 5053),
	(2550, 'Strengelbach', 4802),
	(2551, 'Uerkheim', 4813),
	(2552, 'Vordemwald', 4803),
	(2553, 'Wiliberg', 5058),
	(2554, 'Zofingen', 4800),
	(2555, 'Mühlethal', 4812),
	(2556, 'Baldingen', 5333),
	(2557, 'Böbikon', 5334),
	(2558, 'Kleindöttingen', 5314),
	(2559, 'Böttstein', 5315),
	(2560, 'Döttingen', 5312),
	(2561, 'Endingen', 5304),
	(2562, 'Unterendingen', 5305),
	(2563, 'Fisibach', 5467),
	(2564, 'Full-Reuenthal', 5324),
	(2565, 'Kaiserstuhl AG', 5466),
	(2566, 'Klingnau', 5313),
	(2567, 'Koblenz', 5322),
	(2568, 'Leibstadt', 5325),
	(2569, 'Lengnau AG', 5426),
	(2570, 'Leuggern', 5316),
	(2571, 'Hettenschwil', 5317),
	(2572, 'Mellikon', 5465),
	(2573, 'Rekingen AG', 5332),
	(2574, 'Rietheim', 5323),
	(2575, 'Rümikon AG', 5464),
	(2576, 'Schneisingen', 5425),
	(2577, 'Siglistorf', 5462),
	(2578, 'Tegerfelden', 5306),
	(2579, 'Wislikofen', 5463),
	(2580, 'Bad Zurzach', 5330),
	(2581, 'Arbon', 9320),
	(2582, 'Frasnacht', 9320),
	(2583, 'Stachen', 9320),
	(2584, 'Dozwil', 8582),
	(2585, 'Steinebrunn', 9314),
	(2586, 'Neukirch (Egnach)', 9315),
	(2587, 'Winden', 9315),
	(2588, 'Egnach', 9322),
	(2589, 'Hefenhofen', 8580),
	(2590, 'Horn', 9326),
	(2591, 'Kesswil', 8593),
	(2592, 'Freidorf TG', 9306),
	(2593, 'Roggwil TG', 9325),
	(2594, 'Romanshorn', 8590),
	(2595, 'Salmsach', 8599),
	(2596, 'Sommeri', 8580),
	(2597, 'Uttwil', 8592),
	(2598, 'Amriswil', 8580),
	(2599, 'Hagenwil b. Amriswil', 8580),
	(2600, 'Biessenhofen', 8580),
	(2601, 'Schocherswil', 8581),
	(2602, 'Oberaach', 8587),
	(2603, 'Bischofszell', 9220),
	(2604, 'Schweizersholz', 9223),
	(2605, 'Halden', 9223),
	(2606, 'Erlen', 8586),
	(2607, 'Kümmertshausen', 8586),
	(2608, 'Riedt b. Erlen', 8586),
	(2609, 'Buchackern', 8586),
	(2610, 'Engishofen', 8586),
	(2611, 'Ennetaach', 8586),
	(2612, 'Hauptwil', 9213),
	(2613, 'Wilen (Gottshaus)', 9225),
	(2614, 'St. Pelagiberg', 9225),
	(2615, 'Heldswil', 9216),
	(2616, 'Hohentannen', 9216),
	(2617, 'Kradolf', 9214),
	(2618, 'Schönenberg an der Thur', 9215),
	(2619, 'Buhwil', 9215),
	(2620, 'Neukirch an der Thur', 9217),
	(2621, 'Sulgen', 8583),
	(2622, 'Götighofen', 8583),
	(2623, 'Donzhausen', 8583),
	(2624, 'Zihlschlacht', 8588),
	(2625, 'Sitterdorf', 8589),
	(2626, 'Basadingen', 8254),
	(2627, 'Schlattingen', 8255),
	(2628, 'Diessenhofen', 8253),
	(2629, 'Willisdorf', 8253),
	(2630, 'Schlatt TG', 8252),
	(2631, 'Aadorf', 8355),
	(2632, 'Ettenhausen TG', 8356),
	(2633, 'Guntershausen b. Aadorf', 8357),
	(2634, 'Häuslenen', 8522),
	(2635, 'Aawangen', 8522),
	(2636, 'Wittenwil', 9547),
	(2637, 'Felben-Wellhausen', 8552),
	(2638, 'Frauenfeld', 8500),
	(2639, 'Gerlikon', 8500),
	(2640, 'Islikon', 8546),
	(2641, 'Kefikon TG', 8546),
	(2642, 'Gachnang', 8547),
	(2643, 'Harenwilen', 8553),
	(2644, 'Mettendorf TG', 8553),
	(2645, 'Hüttlingen', 8553),
	(2646, 'Eschikofen', 8553),
	(2647, 'Matzingen', 9548),
	(2648, 'Niederneunforn', 8525),
	(2649, 'Oberneunforn', 8526),
	(2650, 'Stettfurt', 9507),
	(2651, 'Thundorf', 8512),
	(2652, 'Lustdorf', 8512),
	(2653, 'Wetzikon TG', 8512),
	(2654, 'Uesslingen', 8524),
	(2655, 'Buch b. Frauenfeld', 8524),
	(2656, 'Warth', 8532),
	(2657, 'Weiningen TG', 8532),
	(2658, 'Altnau', 8595),
	(2659, 'Bottighofen', 8598),
	(2660, 'Ermatingen', 8272),
	(2661, 'Triboltingen', 8273),
	(2662, 'Gottlieben', 8274),
	(2663, 'Güttingen', 8594),
	(2664, 'Hugelshofen', 8565),
	(2665, 'Neuwilen', 8566),
	(2666, 'Dotnacht', 8566),
	(2667, 'Ellighausen', 8566),
	(2668, 'Lippoldswilen', 8566),
	(2669, 'Siegershausen', 8573),
	(2670, 'Alterswilen', 8573),
	(2671, 'Altishausen', 8573),
	(2672, 'Kreuzlingen', 8280),
	(2673, 'Langrickenbach', 8585),
	(2674, 'Zuben', 8585),
	(2675, 'Schönenbaumgarten', 8585),
	(2676, 'Herrenhof', 8585),
	(2677, 'Illighausen', 8574),
	(2678, 'Oberhofen TG', 8574),
	(2679, 'Lengwil', 8574),
	(2680, 'Lengwil', 8574),
	(2681, 'Dettighofen (Lengwil)', 8574),
	(2682, 'Scherzingen', 8596),
	(2683, 'Münsterlingen', 8596),
	(2684, 'Landschlacht', 8597),
	(2685, 'Tägerwilen', 8274),
	(2686, 'Hefenhausen', 8564),
	(2687, 'Engwilen', 8564),
	(2688, 'Sonterswil', 8564),
	(2689, 'Wäldi', 8564),
	(2690, 'Lipperswil', 8564),
	(2691, 'Hattenhausen', 8564),
	(2692, 'Gunterswilen', 8564),
	(2693, 'Affeltrangen', 9556),
	(2694, 'Zezikon', 9556),
	(2695, 'Märwil', 9562),
	(2696, 'Buch b. Märwil', 9562),
	(2697, 'Bettwiesen', 9553),
	(2698, 'Balterswil', 8362),
	(2699, 'Bichelsee', 8363),
	(2700, 'Braunau', 9502),
	(2701, 'Eschlikon TG', 8360),
	(2702, 'Wallenwil', 8360),
	(2703, 'Dussnang', 8374),
	(2704, 'Oberwangen TG', 8374),
	(2705, 'Fischingen', 8376),
	(2706, 'Au TG', 8376),
	(2707, 'Lommis', 9506),
	(2708, 'Weingarten-Kalthäusern', 9508),
	(2709, 'Münchwilen TG', 9542),
	(2710, 'St. Margarethen TG', 9543),
	(2711, 'Rickenbach b. Wil', 9532),
	(2712, 'Schönholzerswilen', 8577),
	(2713, 'Sirnach', 8370),
	(2714, 'Busswil TG', 8371),
	(2715, 'Wiezikon b. Sirnach', 8372),
	(2716, 'Littenheid', 9573),
	(2717, 'Tägerschen', 9554),
	(2718, 'Tobel', 9555),
	(2719, 'Wängi', 9545),
	(2720, 'Tuttwil', 9546),
	(2721, 'Wilen b. Wil', 9535),
	(2722, 'Wuppenau', 9514),
	(2723, 'Hosenruck', 9515),
	(2724, 'Berlingen', 8267),
	(2725, 'Eschenz', 8264),
	(2726, 'Lanzenneunforn', 8506),
	(2727, 'Herdern', 8535),
	(2728, 'Hörhausen', 8507),
	(2729, 'Homburg', 8508),
	(2730, 'Hüttwilen', 8536),
	(2731, 'Nussbaumen TG', 8537),
	(2732, 'Uerschhausen', 8537),
	(2733, 'Mammern', 8265),
	(2734, 'Müllheim Dorf', 8555),
	(2735, 'Pfyn', 8505),
	(2736, 'Dettighofen', 8505),
	(2737, 'Raperswilen', 8558),
	(2738, 'Mannenbach-Salenstein', 8268),
	(2739, 'Salenstein', 8268),
	(2740, 'Fruthwilen', 8269),
	(2741, 'Steckborn', 8266),
	(2742, 'Kaltenbach', 8259),
	(2743, 'Etzwilen', 8259),
	(2744, 'Rheinklingen', 8259),
	(2745, 'Wagenhausen', 8259),
	(2746, 'Amlikon-Bissegg', 8514),
	(2747, 'Berg TG', 8572),
	(2748, 'Berg TG', 8572),
	(2749, 'Andhausen', 8572),
	(2750, 'Graltshausen', 8572),
	(2751, 'Guntershausen b. Berg', 8572),
	(2752, 'Mauren TG', 8576),
	(2753, 'Mattwil', 8585),
	(2754, 'Happerswil', 8585),
	(2755, 'Birwinken', 8585),
	(2756, 'Klarsreuti', 8585),
	(2757, 'Andwil TG', 8586),
	(2758, 'Buch b. Kümmertshausen', 8586),
	(2759, 'Bürglen TG', 8575),
	(2760, 'Istighofen', 8575),
	(2761, 'Leimbach TG', 8584),
	(2762, 'Opfershofen TG', 8584),
	(2763, 'Stehrenberg', 9503),
	(2764, 'Lanterswil', 9503),
	(2765, 'Friltschen', 9504),
	(2766, 'Mettlen', 9517),
	(2767, 'Bussnang', 9565),
	(2768, 'Oberbussnang', 9565),
	(2769, 'Oppikon', 9565),
	(2770, 'Schmidshof', 9565),
	(2771, 'Rothenhausen', 9565),
	(2772, 'Märstetten', 8560),
	(2773, 'Ottoberg', 8561),
	(2774, 'Weinfelden', 8570),
	(2775, 'Müllheim-Wigoltingen', 8554),
	(2776, 'Bonau', 8554),
	(2777, 'Wigoltingen', 8556),
	(2778, 'Engwang', 8556),
	(2779, 'Illhart', 8556),
	(2780, 'Lamperswil TG', 8556),
	(2781, 'Wagerswil', 8564),
	(2782, 'Arbedo', 6517),
	(2783, 'Castione', 6532),
	(2784, 'Bellinzona', 6500),
	(2785, 'Bellinzona', 6503),
	(2786, 'Giubiasco', 6512),
	(2787, 'Monte Carasso', 6513),
	(2788, 'Sementina', 6514),
	(2789, 'Gudo', 6515),
	(2790, 'Gorduno', 6518),
	(2791, 'Preonzo', 6523),
	(2792, 'Moleno', 6524),
	(2793, 'Gnosca', 6525),
	(2794, 'Camorino', 6528),
	(2795, 'Pianezzo', 6582),
	(2796, 'S. Antonio (Val Morobbia)', 6583),
	(2797, 'Carena', 6584),
	(2798, 'Claro', 6702),
	(2799, 'Cadenazzo', 6593),
	(2800, 'Robasacco', 6599),
	(2801, 'Isone', 6810),
	(2802, 'Lumino', 6533),
	(2803, 'S. Antonino', 6592),
	(2804, 'Dongio', 6715),
	(2805, 'Acquarossa', 6716),
	(2806, 'Leontica', 6716),
	(2807, 'Lottigna', 6716),
	(2808, 'Motto (Blenio)', 6721),
	(2809, 'Corzoneso', 6722),
	(2810, 'Prugiasco', 6723),
	(2811, 'Castro', 6723),
	(2812, 'Marolta', 6723),
	(2813, 'Ponto Valentino', 6724),
	(2814, 'Largario', 6724),
	(2815, 'Dangio', 6717),
	(2816, 'Torre', 6717),
	(2817, 'Olivone', 6718),
	(2818, 'Camperio', 6718),
	(2819, 'Aquila', 6719),
	(2820, 'Aquila', 6719),
	(2821, 'Campo (Blenio)', 6720),
	(2822, 'Ghirone', 6720),
	(2823, 'Malvaglia', 6713),
	(2824, 'Semione', 6714),
	(2825, 'Ludiano', 6721),
	(2826, 'Airolo', 6780),
	(2827, 'Madrano', 6780),
	(2828, 'Villa Bedretto', 6781),
	(2829, 'Bedretto', 6781),
	(2830, 'Bodio TI', 6743),
	(2831, 'Dalpe', 6774),
	(2832, 'Lavorgo', 6746),
	(2833, 'Calonico', 6746),
	(2834, 'Nivo', 6746),
	(2835, 'Chironico', 6747),
	(2836, 'Anzonico', 6748),
	(2837, 'Sobrio', 6749),
	(2838, 'Cavagnago', 6749),
	(2839, 'Faido', 6760),
	(2840, 'Molare', 6760),
	(2841, 'Calpiogna', 6760),
	(2842, 'Campello', 6760),
	(2843, 'Carì', 6760),
	(2844, 'Rossura', 6760),
	(2845, 'Osco', 6763),
	(2846, 'Mairengo', 6763),
	(2847, 'Chiggiogna', 6764),
	(2848, 'Chiggiogna', 6764),
	(2849, 'Giornico', 6745),
	(2850, 'Personico', 6744),
	(2851, 'Pollegio', 6742),
	(2852, 'Rodi-Fiesso', 6772),
	(2853, 'Prato (Leventina)', 6773),
	(2854, 'Ambrì', 6775),
	(2855, 'Piotta', 6776),
	(2856, 'Quinto', 6777),
	(2857, 'Varenzo', 6777),
	(2858, 'Ascona', 6612),
	(2859, 'Brione (Verzasca)', 6634),
	(2860, 'Brione sopra Minusio', 6645),
	(2861, 'Brissago', 6614),
	(2862, 'Isole di Brissago', 6614),
	(2863, 'Corippo', 6631),
	(2864, 'Frasco', 6636),
	(2865, 'Gordola', 6596),
	(2866, 'Riazzino', 6595),
	(2867, 'Lavertezzo', 6633),
	(2868, 'Locarno', 6600),
	(2869, 'Locarno', 6600),
	(2870, 'Solduno', 6600),
	(2871, 'Locarno', 6605),
	(2872, 'Losone', 6616),
	(2873, 'Arcegno', 6618),
	(2874, 'Mergoscia', 6647),
	(2875, 'Minusio', 6648),
	(2876, 'Muralto', 6600),
	(2877, 'Orselina', 6644),
	(2878, 'Porto Ronco', 6613),
	(2879, 'Ronco sopra Ascona', 6622),
	(2880, 'Sonogno', 6637),
	(2881, 'Tenero', 6598),
	(2882, 'Contra', 6646),
	(2883, 'Vogorno', 6632),
	(2884, 'Mosogno', 6611),
	(2885, 'Gresso', 6611),
	(2886, 'Crana', 6611),
	(2887, 'Loco', 6661),
	(2888, 'Auressio', 6661),
	(2889, 'Berzona', 6661),
	(2890, 'Russo', 6662),
	(2891, 'Comologno', 6663),
	(2892, 'Spruga', 6663),
	(2893, 'Vergeletto', 6664),
	(2894, 'Cugnasco', 6516),
	(2895, 'Agarone', 6597),
	(2896, 'Gerra (Verzasca)', 6635),
	(2897, 'Agno', 6982),
	(2898, 'Cassina d\'Agno', 6990),
	(2899, 'Aranno', 6994),
	(2900, 'Arogno', 6822),
	(2901, 'Pugerna', 6823),
	(2902, 'Astano', 6999),
	(2903, 'Bedano', 6930),
	(2904, 'Bedigliora', 6981),
	(2905, 'Bedigliora', 6981),
	(2906, 'Banco', 6981),
	(2907, 'Bioggio', 6934),
	(2908, 'Bosco Luganese', 6935),
	(2909, 'Cimo', 6992),
	(2910, 'Iseo', 6993),
	(2911, 'Bissone', 6816),
	(2912, 'Brusino Arsizio', 6827),
	(2913, 'Serpiano', 6867),
	(2914, 'Cademario', 6936),
	(2915, 'Cadempino', 6814),
	(2916, 'Canobbio', 6952),
	(2917, 'Caslano', 6987),
	(2918, 'Comano', 6949),
	(2919, 'Castelrotto', 6980),
	(2920, 'Biogno-Beride', 6981),
	(2921, 'Purasca', 6989),
	(2922, 'Madonna del Piano', 6995),
	(2923, 'Cureglia', 6944),
	(2924, 'Bombinasco', 6981),
	(2925, 'Curio', 6986),
	(2926, 'Grancia', 6916),
	(2927, 'Gravesano', 6929),
	(2928, 'Lamone', 6814),
	(2929, 'Lugano', 6900),
	(2930, 'Pazzallo', 6912),
	(2931, 'Carabbia', 6913),
	(2932, 'Carona', 6914),
	(2933, 'Pambio-Noranco', 6915),
	(2934, 'Barbengo', 6917),
	(2935, 'Figino', 6918),
	(2936, 'Breganzona', 6932),
	(2937, 'Insone', 6951),
	(2938, 'Scareglia', 6951),
	(2939, 'Colla', 6951),
	(2940, 'Bogno', 6951),
	(2941, 'Cozzo', 6951),
	(2942, 'Signôra', 6951),
	(2943, 'Maglio di Colla', 6959),
	(2944, 'Certara', 6959),
	(2945, 'Curtina', 6959),
	(2946, 'Cimadera', 6959),
	(2947, 'Piandera Paese', 6959),
	(2948, 'Piandera Paese', 6959),
	(2949, 'Viganello', 6962),
	(2950, 'Pregassona', 6963),
	(2951, 'Cureggia', 6963),
	(2952, 'Davesco-Soragno', 6964),
	(2953, 'Cadro', 6965),
	(2954, 'Villa Luganese', 6966),
	(2955, 'Dino', 6967),
	(2956, 'Sonvico', 6968),
	(2957, 'Aldesago', 6974),
	(2958, 'Castagnola', 6976),
	(2959, 'Ruvigliana', 6977),
	(2960, 'Gandria', 6978),
	(2961, 'Brè sopra Lugano', 6979),
	(2962, 'Magliaso', 6983),
	(2963, 'Manno', 6928),
	(2964, 'Maroggia', 6817),
	(2965, 'Massagno', 6900),
	(2966, 'Melano', 6818),
	(2967, 'Melide', 6815),
	(2968, 'Mezzovico', 6805),
	(2969, 'Mezzovico', 6805),
	(2970, 'Miglieglia', 6986),
	(2971, 'Monteggio', 6998),
	(2972, 'Morcote', 6922),
	(2973, 'Muzzano', 6933),
	(2974, 'Neggio', 6991),
	(2975, 'Novaggio', 6986),
	(2976, 'Origlio', 6945),
	(2977, 'Paradiso', 6900),
	(2978, 'Ponte Capriasca', 6946),
	(2979, 'Ponte Capriasca', 6946),
	(2980, 'Ponte Tresa', 6988),
	(2981, 'Porza', 6948),
	(2982, 'Pura', 6984),
	(2983, 'Rovio', 6821),
	(2984, 'Capolago', 6825),
	(2985, 'Savosa', 6942),
	(2986, 'Sessa', 6997),
	(2987, 'Sorengo', 6924),
	(2988, 'Taverne', 6807),
	(2989, 'Vaglio', 6947),
	(2990, 'Tesserete', 6950),
	(2991, 'Lugaggia', 6953),
	(2992, 'Sala Capriasca', 6954),
	(2993, 'Bigorio', 6954),
	(2994, 'Cagiallo', 6955),
	(2995, 'Oggio', 6955),
	(2996, 'Lopagno', 6956),
	(2997, 'Roveredo TI', 6957),
	(2998, 'Bidogno', 6958),
	(2999, 'Corticiasca', 6958),
	(3000, 'Corticiasca', 6958),
	(3001, 'Odogno', 6960),
	(3002, 'Taverne', 6807),
	(3003, 'Torricella', 6808),
	(3004, 'Vernate', 6992),
	(3005, 'Vezia', 6943),
	(3006, 'Vico Morcote', 6921),
	(3007, 'Carabietta', 6919),
	(3008, 'Gentilino', 6925),
	(3009, 'Montagnola', 6926),
	(3010, 'Agra', 6927),
	(3011, 'Breno', 6937),
	(3012, 'Vezio', 6938),
	(3013, 'Fescoggia', 6938),
	(3014, 'Mugena', 6939),
	(3015, 'Arosio', 6939),
	(3016, 'Rivera', 6802),
	(3017, 'Camignolo', 6803),
	(3018, 'Bironico', 6804),
	(3019, 'Sigirino', 6806),
	(3020, 'Medeglia', 6809),
	(3021, 'Balerna', 6828),
	(3022, 'Corteglia', 6873),
	(3023, 'Castel San Pietro', 6874),
	(3024, 'Monte', 6875),
	(3025, 'Casima', 6875),
	(3026, 'Campora', 6875),
	(3027, 'Chiasso', 6830),
	(3028, 'Pedrinate', 6832),
	(3029, 'Seseglio', 6832),
	(3030, 'Coldrerio', 6877),
	(3031, 'Capolago', 6825),
	(3032, 'Mendrisio', 6850),
	(3033, 'Genestrerio', 6852),
	(3034, 'Ligornetto', 6853),
	(3035, 'Rancate', 6862),
	(3036, 'Besazio', 6863),
	(3037, 'Arzo', 6864),
	(3038, 'Tremona', 6865),
	(3039, 'Meride', 6866),
	(3040, 'Salorino', 6872),
	(3041, 'Somazzo', 6872),
	(3042, 'Morbio Inferiore', 6834),
	(3043, 'Novazzano', 6883),
	(3044, 'Riva San Vitale', 6826),
	(3045, 'S. Pietro', 6854),
	(3046, 'Stabio', 6855),
	(3047, 'Vacallo', 6833),
	(3048, 'Morbio Superiore', 6835),
	(3049, 'Caneggio', 6837),
	(3050, 'Bruzella', 6837),
	(3051, 'Muggio', 6838),
	(3052, 'Cabbio', 6838),
	(3053, 'Scudellate', 6838),
	(3054, 'Sagno', 6839),
	(3055, 'Biasca', 6710),
	(3056, 'Prosito', 6526),
	(3057, 'Lodrino', 6527),
	(3058, 'Osogna', 6703),
	(3059, 'Cresciano', 6705),
	(3060, 'Iragna', 6707),
	(3061, 'Bosco/Gurin', 6685),
	(3062, 'Niva (Vallemaggia)', 6683),
	(3063, 'Campo (Vallemaggia)', 6684),
	(3064, 'Cimalmotto', 6684),
	(3065, 'Cerentino', 6683),
	(3066, 'Cevio', 6675),
	(3067, 'Bignasco', 6676),
	(3068, 'Cavergno', 6690),
	(3069, 'S. Carlo (Val Bavona)', 6690),
	(3070, 'Linescio', 6682),
	(3071, 'Maggia', 6673),
	(3072, 'Someo', 6674),
	(3073, 'Riveo', 6674),
	(3074, 'Aurigeno', 6677),
	(3075, 'Moghegno', 6677),
	(3076, 'Giumaglio', 6678),
	(3077, 'Lodano', 6678),
	(3078, 'Coglio', 6678),
	(3079, 'Menzonio', 6692),
	(3080, 'Brontallo', 6692),
	(3081, 'Broglio', 6693),
	(3082, 'Prato-Sornico', 6694),
	(3083, 'Peccia', 6695),
	(3084, 'Piano di Peccia', 6695),
	(3085, 'Fusio', 6696),
	(3086, 'Avegno', 6670),
	(3087, 'Gordevio', 6672),
	(3088, 'Medeglia', 6809),
	(3089, 'Tegna', 6652),
	(3090, 'Verscio', 6653),
	(3091, 'Cavigliano', 6654),
	(3092, 'Intragna', 6655),
	(3093, 'Verdasio', 6655),
	(3094, 'Rasa', 6655),
	(3095, 'Golino', 6656),
	(3096, 'Palagnedra', 6657),
	(3097, 'Borgnone', 6658),
	(3098, 'Camedo', 6659),
	(3099, 'Moneto', 6659),
	(3100, 'Indemini', 6571),
	(3101, 'Quartino', 6572),
	(3102, 'Magadino', 6573),
	(3103, 'Vira (Gambarogno)', 6574),
	(3104, 'S. Nazzaro', 6575),
	(3105, 'Vairano', 6575),
	(3106, 'Gerra (Gambarogno)', 6576),
	(3107, 'Ranzo', 6577),
	(3108, 'Caviano', 6578),
	(3109, 'Piazzogna', 6579),
	(3110, 'Contone', 6594),
	(3111, 'Aigle', 1860),
	(3112, 'Bex', 1880),
	(3113, 'Frenières-sur-Bex', 1880),
	(3114, 'Fenalet-sur-Bex', 1880),
	(3115, 'Les Plans-sur-Bex', 1880),
	(3116, 'Les Posses-sur-Bex', 1880),
	(3117, 'Chessel', 1846),
	(3118, 'Corbeyrier', 1856),
	(3119, 'Gryon', 1882),
	(3120, 'Lavey-Village', 1892),
	(3121, 'Lavey-les-Bains', 1892),
	(3122, 'Morcles', 1892),
	(3123, 'Leysin', 1854),
	(3124, 'Noville', 1845),
	(3125, 'Ollon VD', 1867),
	(3126, 'St-Triphon', 1867),
	(3127, 'Panex', 1867),
	(3128, 'Villars-sur-Ollon', 1884),
	(3129, 'Arveyes', 1884),
	(3130, 'Huémoz', 1884),
	(3131, 'Chesières', 1885),
	(3132, 'Les Mosses', 1862),
	(3133, 'La Comballaz', 1862),
	(3134, 'Le Sépey', 1863),
	(3135, 'La Forclaz VD', 1866),
	(3136, 'Vers-l\'Eglise', 1864),
	(3137, 'Les Diablerets', 1865),
	(3138, 'Rennaz', 1847),
	(3139, 'Roche VD', 1852),
	(3140, 'Villeneuve VD', 1844),
	(3141, 'Yvorne', 1853),
	(3142, 'Apples', 1143),
	(3143, 'Aubonne', 1170),
	(3144, 'Pizy', 1174),
	(3145, 'Ballens', 1144),
	(3146, 'Berolle', 1149),
	(3147, 'Bière', 1145),
	(3148, 'Bougy-Villars', 1172),
	(3149, 'Féchy', 1173),
	(3150, 'Gimel', 1188),
	(3151, 'Longirod', 1261),
	(3152, 'Marchissy', 1261),
	(3153, 'Mollens VD', 1146),
	(3154, 'Montherod', 1174),
	(3155, 'St-George', 1188),
	(3156, 'St-Livres', 1176),
	(3157, 'St-Oyens', 1187),
	(3158, 'Saubraz', 1189),
	(3159, 'Avenches', 1580),
	(3160, 'Oleyres', 1580),
	(3161, 'Donatyre', 1580),
	(3162, 'Cudrefin', 1588),
	(3163, 'Faoug', 1595),
	(3164, 'Villars-le-Grand', 1584),
	(3165, 'Salavaux', 1585),
	(3166, 'Bellerive VD', 1585),
	(3167, 'Cotterd', 1585),
	(3168, 'Vallamand', 1586),
	(3169, 'Montmagny', 1587),
	(3170, 'Constantine', 1587),
	(3171, 'Chabrey', 1589),
	(3172, 'Mur (Vully) VD', 1787),
	(3173, 'Bettens', 1042),
	(3174, 'Bournens', 1035),
	(3175, 'Boussens', 1034),
	(3176, 'La Chaux (Cossonay)', 1308),
	(3177, 'Chavannes-le-Veyron', 1148),
	(3178, 'Chevilly', 1316),
	(3179, 'Cossonay-Ville', 1304),
	(3180, 'Allens', 1304),
	(3181, 'Cottens VD', 1116),
	(3182, 'Cuarnens', 1148),
	(3183, 'Daillens', 1306),
	(3184, 'Dizy', 1304),
	(3185, 'Eclépens', 1312),
	(3186, 'Ferreyres', 1313),
	(3187, 'Gollion', 1124),
	(3188, 'Grancy', 1117),
	(3189, 'L\'Isle', 1148),
	(3190, 'Villars-Bozon', 1148),
	(3191, 'La Coudre', 1148),
	(3192, 'Lussery-Villars', 1307),
	(3193, 'Mauraz', 1148),
	(3194, 'Mex VD', 1031),
	(3195, 'Moiry VD', 1148),
	(3196, 'Mont-la-Ville', 1148),
	(3197, 'Montricher', 1147),
	(3198, 'Orny', 1317),
	(3199, 'Pampigny', 1142),
	(3200, 'Penthalaz', 1305),
	(3201, 'Penthaz', 1303),
	(3202, 'Pompaples', 1318),
	(3203, 'La Sarraz', 1315),
	(3204, 'Senarclens', 1304),
	(3205, 'Sévery', 1141),
	(3206, 'Sullens', 1036),
	(3207, 'Vufflens-la-Ville', 1302),
	(3208, 'Assens', 1042),
	(3209, 'Bercher', 1038),
	(3210, 'Bioley-Orjulaz', 1042),
	(3211, 'Bottens', 1041),
	(3212, 'Bretigny-sur-Morrens', 1053),
	(3213, 'Cugy VD', 1053),
	(3214, 'Echallens', 1040),
	(3215, 'Essertines-sur-Yverdon', 1417),
	(3216, 'Epautheyres', 1417),
	(3217, 'Etagnières', 1037),
	(3218, 'Fey', 1044),
	(3219, 'Froideville', 1055),
	(3220, 'Morrens VD', 1054),
	(3221, 'Oulens-sous-Echallens', 1377),
	(3222, 'Pailly', 1416),
	(3223, 'Penthéréaz', 1375),
	(3224, 'Poliez-Pittet', 1041),
	(3225, 'Rueyres', 1046),
	(3226, 'St-Barthélemy VD', 1040),
	(3227, 'Villars-le-Terroir', 1040),
	(3228, 'Vuarrens', 1418),
	(3229, 'Dommartin', 1041),
	(3230, 'Naz', 1041),
	(3231, 'Poliez-le-Grand', 1041),
	(3232, 'Sugnens', 1043),
	(3233, 'Goumoens-la-Ville', 1376),
	(3234, 'Eclagnens', 1376),
	(3235, 'Goumoens-le-Jux', 1376),
	(3236, 'Bonvillars', 1427),
	(3237, 'Les Rasses', 1452),
	(3238, 'Bullet', 1453),
	(3239, 'Champagne', 1424),
	(3240, 'Concise', 1426),
	(3241, 'Corcelles-près-Concise', 1426),
	(3242, 'Fiez', 1420),
	(3243, 'Fontaines-sur-Grandson', 1421),
	(3244, 'Giez', 1429),
	(3245, 'Grandevent', 1421),
	(3246, 'Grandson', 1422),
	(3247, 'Mauborget', 1453),
	(3248, 'Mutrux', 1428),
	(3249, 'Novalles', 1431),
	(3250, 'Onnens VD', 1425),
	(3251, 'Provence', 1428),
	(3252, 'Ste-Croix', 1450),
	(3253, 'La Sagne (Ste-Croix)', 1450),
	(3254, 'Le Château-de-Ste-Croix', 1450),
	(3255, 'L\'Auberson', 1454),
	(3256, 'La Vraconnaz', 1454),
	(3257, 'Villars-Burquin', 1423),
	(3258, 'Fontanezier', 1423),
	(3259, 'Romairon', 1423),
	(3260, 'Vaugondry', 1423),
	(3261, 'Belmont-sur-Lausanne', 1092),
	(3262, 'Cheseaux-sur-Lausanne', 1033),
	(3263, 'Crissier', 1023),
	(3264, 'Epalinges', 1066),
	(3265, 'Jouxtens-Mézery', 1008),
	(3266, 'Lausanne 25', 1000),
	(3267, 'Lausanne 26', 1000),
	(3268, 'Lausanne 27', 1000),
	(3269, 'Lausanne', 1003),
	(3270, 'Lausanne', 1004),
	(3271, 'Lausanne', 1005),
	(3272, 'Lausanne', 1006),
	(3273, 'Lausanne', 1007),
	(3274, 'Lausanne', 1010),
	(3275, 'Lausanne', 1011),
	(3276, 'Lausanne', 1012),
	(3277, 'Lausanne', 1015),
	(3278, 'Lausanne', 1018),
	(3279, 'Le Mont-sur-Lausanne', 1052),
	(3280, 'Paudex', 1094),
	(3281, 'Prilly', 1008),
	(3282, 'Pully', 1009),
	(3283, 'Les Monts-de-Pully', 1068),
	(3284, 'Renens VD', 1020),
	(3285, 'Romanel-sur-Lausanne', 1032),
	(3286, 'Chexbres', 1071),
	(3287, 'Forel (Lavaux)', 1072),
	(3288, 'La Croix (Lutry)', 1090),
	(3289, 'La Conversion', 1093),
	(3290, 'Lutry', 1095),
	(3291, 'Puidoux', 1070),
	(3292, 'Rivaz', 1071),
	(3293, 'St-Saphorin (Lavaux)', 1071),
	(3294, 'Savigny', 1073),
	(3295, 'Mollie-Margot', 1073),
	(3296, 'Grandvaux', 1091),
	(3297, 'Aran', 1091),
	(3298, 'Chenaux', 1091),
	(3299, 'Cully', 1096),
	(3300, 'Villette (Lavaux)', 1096),
	(3301, 'Riex', 1097),
	(3302, 'Epesses', 1098),
	(3303, 'Aclens', 1123),
	(3304, 'Bremblens', 1121),
	(3305, 'Buchillon', 1164),
	(3306, 'Bussigny', 1030),
	(3307, 'Bussy-Chardonney', 1136),
	(3308, 'Chavannes-près-Renens', 1022),
	(3309, 'Chigny', 1134),
	(3310, 'Clarmont', 1127),
	(3311, 'Denens', 1135),
	(3312, 'Denges', 1026),
	(3313, 'Echandens', 1026),
	(3314, 'Echichens', 1112),
	(3315, 'St-Saphorin-sur-Morges', 1113),
	(3316, 'Colombier VD', 1114),
	(3317, 'Monnaz', 1125),
	(3318, 'Ecublens VD', 1024),
	(3319, 'Etoy', 1163),
	(3320, 'Lavigny', 1175),
	(3321, 'Lonay', 1027),
	(3322, 'Lully VD', 1132),
	(3323, 'Lussy-sur-Morges', 1167),
	(3324, 'Morges', 1110),
	(3325, 'Préverenges', 1028),
	(3326, 'Reverolle', 1128),
	(3327, 'Romanel-sur-Morges', 1122),
	(3328, 'St-Prex', 1162),
	(3329, 'St-Sulpice VD', 1025),
	(3330, 'Tolochenaz', 1131),
	(3331, 'Vaux-sur-Morges', 1126),
	(3332, 'Villars-Ste-Croix', 1029),
	(3333, 'Villars-sous-Yens', 1168),
	(3334, 'Vufflens-le-Château', 1134),
	(3335, 'Vullierens', 1115),
	(3336, 'Yens', 1169),
	(3337, 'Boulens', 1063),
	(3338, 'Bussy-sur-Moudon', 1514),
	(3339, 'Chavannes-sur-Moudon', 1512),
	(3340, 'Curtilles', 1521),
	(3341, 'Dompierre VD', 1682),
	(3342, 'Hermenches', 1513),
	(3343, 'Lovatens', 1682),
	(3344, 'Lucens', 1522),
	(3345, 'Oulens-sur-Lucens', 1522),
	(3346, 'Forel-sur-Lucens', 1526),
	(3347, 'Cremin', 1526),
	(3348, 'Brenles', 1683),
	(3349, 'Chesalles-sur-Moudon', 1683),
	(3350, 'Sarzens', 1683),
	(3351, 'Moudon', 1510),
	(3352, 'Ogens', 1045),
	(3353, 'Prévonloup', 1682),
	(3354, 'Rossenges', 1513),
	(3355, 'Syens', 1510),
	(3356, 'Villars-le-Comte', 1515),
	(3357, 'Vucherens', 1509),
	(3358, 'Chapelle-sur-Moudon', 1063),
	(3359, 'Martherenges', 1063),
	(3360, 'Peyres-Possens', 1063),
	(3361, 'Chanéaz', 1409),
	(3362, 'Thierrens', 1410),
	(3363, 'Correvon', 1410),
	(3364, 'Denezy', 1410),
	(3365, 'St-Cierges', 1410),
	(3366, 'Neyruz-sur-Moudon', 1515),
	(3367, 'Arnex-sur-Nyon', 1277),
	(3368, 'Arzier-Le Muids', 1273),
	(3369, 'Bassins', 1269),
	(3370, 'Begnins', 1268),
	(3371, 'Bogis-Bossey', 1279),
	(3372, 'Borex', 1277),
	(3373, 'Chavannes-de-Bogis', 1279),
	(3374, 'Chavannes-des-Bois', 1290),
	(3375, 'Chéserex', 1275),
	(3376, 'Coinsins', 1267),
	(3377, 'Commugny', 1291),
	(3378, 'Coppet', 1296),
	(3379, 'Crans-près-Céligny', 1299),
	(3380, 'Crassier', 1263),
	(3381, 'Duillier', 1266),
	(3382, 'Eysins', 1262),
	(3383, 'Founex', 1297),
	(3384, 'Genolier', 1272),
	(3385, 'Gingins', 1276),
	(3386, 'Givrins', 1271),
	(3387, 'Gland', 1196),
	(3388, 'Grens', 1274),
	(3389, 'Mies', 1295),
	(3390, 'Nyon', 1260),
	(3391, 'Prangins', 1197),
	(3392, 'La Rippe', 1278),
	(3393, 'St-Cergue', 1264),
	(3394, 'La Cure', 1265),
	(3395, 'Signy', 1274),
	(3396, 'Tannay', 1295),
	(3397, 'Trélex', 1270),
	(3398, 'Le Vaud', 1261),
	(3399, 'Vich', 1267),
	(3400, 'L\'Abergement', 1355),
	(3401, 'Agiez', 1352),
	(3402, 'Arnex-sur-Orbe', 1321),
	(3403, 'Ballaigues', 1338),
	(3404, 'Baulmes', 1446),
	(3405, 'Bavois', 1372),
	(3406, 'Bofflens', 1353),
	(3407, 'Bretonnières', 1329),
	(3408, 'Chavornay', 1373),
	(3409, 'Corcelles-sur-Chavornay', 1374),
	(3410, 'Essert-Pittet', 1435),
	(3411, 'Les Clées', 1356),
	(3412, 'La Russille', 1356),
	(3413, 'Croy', 1322),
	(3414, 'Juriens', 1326),
	(3415, 'Lignerolle', 1357),
	(3416, 'Montcherand', 1354),
	(3417, 'Orbe', 1350),
	(3418, 'La Praz', 1148),
	(3419, 'Premier', 1324),
	(3420, 'Rances', 1439),
	(3421, 'Romainmôtier', 1323),
	(3422, 'Sergey', 1355),
	(3423, 'Valeyres-sous-Rances', 1358),
	(3424, 'Vallorbe', 1337),
	(3425, 'Vaulion', 1325),
	(3426, 'Vuiteboeuf', 1445),
	(3427, 'Corcelles-le-Jorat', 1082),
	(3428, 'Essertes', 1078),
	(3429, 'Maracon', 1613),
	(3430, 'Montpreveyres', 1081),
	(3431, 'Ropraz', 1088),
	(3432, 'Servion', 1077),
	(3433, 'Les Cullayes', 1080),
	(3434, 'Vulliens', 1085),
	(3435, 'Montaubion-Chardonney', 1041),
	(3436, 'Villars-Tiercelin', 1058),
	(3437, 'Peney-le-Jorat', 1059),
	(3438, 'Villars-Mendraz', 1061),
	(3439, 'Sottens', 1062),
	(3440, 'Palézieux', 1607),
	(3441, 'Palézieux-Village', 1607),
	(3442, 'Les Tavernes', 1607),
	(3443, 'Les Thioleyres', 1607),
	(3444, 'Oron-le-Châtel', 1608),
	(3445, 'Bussigny-sur-Oron', 1608),
	(3446, 'Chesalles-sur-Oron', 1608),
	(3447, 'Oron-la-Ville', 1610),
	(3448, 'Châtillens', 1610),
	(3449, 'Vuibroye', 1610),
	(3450, 'Ecoteaux', 1612),
	(3451, 'Ferlens VD', 1076),
	(3452, 'Mézières VD', 1083),
	(3453, 'Carrouge VD', 1084),
	(3454, 'Champtauroz', 1537),
	(3455, 'Chevroux', 1545),
	(3456, 'Corcelles-près-Payerne', 1562),
	(3457, 'Grandcour', 1543),
	(3458, 'Henniez', 1525),
	(3459, 'Missy', 1565),
	(3460, 'Payerne', 1530),
	(3461, 'Vers-chez-Perrin', 1551),
	(3462, 'Trey', 1552),
	(3463, 'Treytorrens (Payerne)', 1538),
	(3464, 'Sédeilles', 1554),
	(3465, 'Rossens VD', 1554),
	(3466, 'Villarzel', 1555),
	(3467, 'Granges-près-Marnand', 1523),
	(3468, 'Marnand', 1524),
	(3469, 'Seigneux', 1525),
	(3470, 'Sassel', 1534),
	(3471, 'Combremont-le-Grand', 1535),
	(3472, 'Combremont-le-Petit', 1536),
	(3473, 'Villars-Bramard', 1682),
	(3474, 'Cerniaz VD', 1682),
	(3475, 'Château-d\'Oex', 1660),
	(3476, 'Les Moulins', 1660),
	(3477, 'L\'Etivaz', 1660),
	(3478, 'La Lécherette', 1660),
	(3479, 'Rossinière', 1658),
	(3480, 'La Tine', 1658),
	(3481, 'Rougemont', 1659),
	(3482, 'Flendruz', 1659),
	(3483, 'Allaman', 1165),
	(3484, 'Bursinel', 1195),
	(3485, 'Bursins', 1183),
	(3486, 'Burtigny', 1268),
	(3487, 'Dully', 1195),
	(3488, 'Essertines-sur-Rolle', 1186),
	(3489, 'Gilly', 1182),
	(3490, 'Luins', 1184),
	(3491, 'Mont-sur-Rolle', 1185),
	(3492, 'Perroy', 1166),
	(3493, 'Rolle', 1180),
	(3494, 'Tartegnin', 1180),
	(3495, 'Vinzel', 1184),
	(3496, 'Le Pont', 1342),
	(3497, 'L\'Abbaye', 1344),
	(3498, 'Les Bioux', 1346),
	(3499, 'L\'Orient', 1341),
	(3500, 'Le Sentier', 1347),
	(3501, 'Le Solliat', 1347),
	(3502, 'Le Brassus', 1348),
	(3503, 'Les Charbonnières', 1343),
	(3504, 'Le Lieu', 1345),
	(3505, 'Le Séchey', 1345),
	(3506, 'Blonay', 1807),
	(3507, 'Le Mont-Pèlerin', 1801),
	(3508, 'Chardonne', 1803),
	(3509, 'Corseaux', 1802),
	(3510, 'Corsier-sur-Vevey', 1804),
	(3511, 'Les Monts-de-Corsier', 1808),
	(3512, 'Fenil-sur-Corsier', 1809),
	(3513, 'Jongny', 1805),
	(3514, 'Clarens', 1815),
	(3515, 'Chailly-Montreux', 1816),
	(3516, 'Brent', 1817),
	(3517, 'Montreux', 1820),
	(3518, 'Territet', 1820),
	(3519, 'Chernex', 1822),
	(3520, 'Glion', 1823),
	(3521, 'Caux', 1824),
	(3522, 'Chamby', 1832),
	(3523, 'Villard-sur-Chamby', 1832),
	(3524, 'Les Avants', 1833),
	(3525, 'St-Légier-La Chiésaz', 1806),
	(3526, 'La Tour-de-Peilz', 1814),
	(3527, 'Vevey', 1800),
	(3528, 'Veytaux', 1820),
	(3529, 'Belmont-sur-Yverdon', 1432),
	(3530, 'Bioley-Magnoux', 1407),
	(3531, 'Chamblon', 1436),
	(3532, 'Champvent', 1443),
	(3533, 'Essert-sous-Champvent', 1443),
	(3534, 'Villars-sous-Champvent', 1443),
	(3535, 'Chavannes-le-Chêne', 1464),
	(3536, 'Chêne-Pâquier', 1464),
	(3537, 'Cheseaux-Noréaz', 1400),
	(3538, 'Cronay', 1406),
	(3539, 'Cuarny', 1404),
	(3540, 'Démoret', 1415),
	(3541, 'Donneloye', 1407),
	(3542, 'Gossens', 1407),
	(3543, 'Mézery-près-Donneloye', 1407),
	(3544, 'Prahins', 1408),
	(3545, 'Ependes VD', 1434),
	(3546, 'Mathod', 1438),
	(3547, 'Molondin', 1415),
	(3548, 'Montagny-près-Yverdon', 1442),
	(3549, 'Oppens', 1047),
	(3550, 'Orges', 1430),
	(3551, 'Orzens', 1413),
	(3552, 'Pomy', 1405),
	(3553, 'Rovray', 1463),
	(3554, 'Suchy', 1433),
	(3555, 'Suscévaz', 1437),
	(3556, 'Treycovagnes', 1436),
	(3557, 'Ursins', 1412),
	(3558, 'Valeyres-sous-Montagny', 1441),
	(3559, 'Valeyres-sous-Ursins', 1412),
	(3560, 'Villars-Epeney', 1404),
	(3561, 'Vugelles-La Mothe', 1431),
	(3562, 'Yverdon-les-Bains', 1400),
	(3563, 'Gressy', 1432),
	(3564, 'Yvonand', 1462),
	(3565, 'Brig', 3900),
	(3566, 'Gamsen', 3900),
	(3567, 'Brigerbad', 3900),
	(3568, 'Glis', 3902),
	(3569, 'Eggerberg', 3939),
	(3570, 'Mund', 3903),
	(3571, 'Birgisch', 3903),
	(3572, 'Naters', 3904),
	(3573, 'Blatten b. Naters', 3914),
	(3574, 'Belalp', 3914),
	(3575, 'Rothwald', 3901),
	(3576, 'Ried-Brig', 3911),
	(3577, 'Simplon Dorf', 3907),
	(3578, 'Simplon Hospiz', 3907),
	(3579, 'Gabi (Simplon)', 3907),
	(3580, 'Termen', 3912),
	(3581, 'Rosswald', 3913),
	(3582, 'Gondo', 3907),
	(3583, 'Ardon', 1957),
	(3584, 'Mayens-de-Chamoson', 1911),
	(3585, 'Chamoson', 1955),
	(3586, 'Les Vérines (Chamoson)', 1955),
	(3587, 'Némiaz (Chamoson)', 1955),
	(3588, 'Grugnay (Chamoson)', 1955),
	(3589, 'St-Pierre-de-Clages', 1955),
	(3590, 'Conthey', 1964),
	(3591, 'St-Séverin', 1975),
	(3592, 'Erde', 1976),
	(3593, 'Aven', 1976),
	(3594, 'Daillon', 1976),
	(3595, 'Clèbes (Nendaz)', 1993),
	(3596, 'Aproz (Nendaz)', 1994),
	(3597, 'Basse-Nendaz', 1996),
	(3598, 'Fey (Nendaz)', 1996),
	(3599, 'Bieudron (Nendaz)', 1996),
	(3600, 'Condémines (Nendaz)', 1996),
	(3601, 'Saclentse', 1996),
	(3602, 'Baar (Nendaz)', 1996),
	(3603, 'Beuson (Nendaz)', 1996),
	(3604, 'Brignon (Nendaz)', 1996),
	(3605, 'Haute-Nendaz', 1997),
	(3606, 'Siviez (Nendaz)', 1997),
	(3607, 'Sornard (Nendaz)', 1997),
	(3608, 'Vétroz', 1963),
	(3609, 'Le Châble VS', 1934),
	(3610, 'Bruson', 1934),
	(3611, 'Verbier', 1936),
	(3612, 'Versegères', 1947),
	(3613, 'Champsec', 1947),
	(3614, 'Lourtier', 1948),
	(3615, 'Fionnay', 1948),
	(3616, 'Sarreyer', 1948),
	(3617, 'Bourg-St-Pierre', 1946),
	(3618, 'Liddes', 1945),
	(3619, 'Fontaine Dessus (Liddes)', 1945),
	(3620, 'Fontaine Dessous (Liddes)', 1945),
	(3621, 'Dranse (Liddes)', 1945),
	(3622, 'Chandonne (Liddes)', 1945),
	(3623, 'Rive Haute (Liddes)', 1945),
	(3624, 'Fornex (Liddes)', 1945),
	(3625, 'Les Moulins VS (Liddes)', 1945),
	(3626, 'Vichères (Liddes)', 1945),
	(3627, 'Palasuit (Liddes)', 1945),
	(3628, 'Chez Petit (Liddes)', 1945),
	(3629, 'Petit Vichères (Liddes)', 1945),
	(3630, 'Orsières', 1937),
	(3631, 'Champex-Lac', 1938),
	(3632, 'Praz-de-Fort', 1943),
	(3633, 'La Fouly VS', 1944),
	(3634, 'Sembrancher', 1933),
	(3635, 'Chamoille (Sembrancher)', 1933),
	(3636, 'La Garde (Sembrancher)', 1933),
	(3637, 'Chemin', 1927),
	(3638, 'Vens (Sembrancher)', 1933),
	(3639, 'Vollèges', 1941),
	(3640, 'Cries (Vollèges)', 1941),
	(3641, 'Levron', 1942),
	(3642, 'Fiesch', 3984),
	(3643, 'Bellwald', 3997),
	(3644, 'Binn', 3996),
	(3645, 'Ernen', 3995),
	(3646, 'Ausserbinn', 3995),
	(3647, 'Mühlebach (Goms)', 3995),
	(3648, 'Mühlebach (Goms)', 3995),
	(3649, 'Steinhaus', 3995),
	(3650, 'Steinhaus', 3995),
	(3651, 'Fiesch', 3984),
	(3652, 'Jungfraujoch', 3801),
	(3653, 'Fieschertal', 3984),
	(3654, 'Lax', 3994),
	(3655, 'Ulrichen', 3988),
	(3656, 'Obergesteln', 3988),
	(3657, 'Oberwald', 3999),
	(3658, 'Münster VS', 3985),
	(3659, 'Geschinen', 3985),
	(3660, 'Biel VS', 3989),
	(3661, 'Ritzingen', 3989),
	(3662, 'Selkingen', 3989),
	(3663, 'Niederwald', 3989),
	(3664, 'Blitzingen', 3989),
	(3665, 'Reckingen VS', 3998),
	(3666, 'Gluringen', 3998),
	(3667, 'Fortunau (Ayent)', 1966),
	(3668, 'Luc (Ayent)', 1966),
	(3669, 'St-Romain (Ayent)', 1966),
	(3670, 'Saxonne (Ayent)', 1966),
	(3671, 'Villa (Ayent)', 1966),
	(3672, 'La Place (Ayent)', 1966),
	(3673, 'Botyre (Ayent)', 1966),
	(3674, 'Blignou (Ayent)', 1966),
	(3675, 'Argnou (Ayent)', 1966),
	(3676, 'Signèse (Ayent)', 1966),
	(3677, 'Anzère', 1972),
	(3678, 'Evolène', 1983),
	(3679, 'Lanna', 1983),
	(3680, 'Les Haudères', 1984),
	(3681, 'La Tour VS', 1984),
	(3682, 'La Sage', 1985),
	(3683, 'La Forclaz VS', 1985),
	(3684, 'Villa (Evolène)', 1985),
	(3685, 'Arolla', 1986),
	(3686, 'Euseigne', 1982),
	(3687, 'Hérémence', 1987),
	(3688, 'St-Martin VS', 1969),
	(3689, 'Liez (St-Martin)', 1969),
	(3690, 'Trogne (St-Martin)', 1969),
	(3691, 'Suen (St-Martin)', 1969),
	(3692, 'Eison (St-Martin)', 1969),
	(3693, 'Vex', 1981),
	(3694, 'Thyon', 1988),
	(3695, 'Les Collons', 1988),
	(3696, 'Vernamiège', 1961),
	(3697, 'Mase', 1968),
	(3698, 'Nax', 1973),
	(3699, 'Agarn', 3951),
	(3700, 'Albinen', 3955),
	(3701, 'Ergisch', 3947),
	(3702, 'Inden', 3953),
	(3703, 'Susten', 3952),
	(3704, 'Leuk Stadt', 3953),
	(3705, 'Erschmatt', 3957),
	(3706, 'Leukerbad', 3954),
	(3707, 'Oberems', 3948),
	(3708, 'Salgesch', 3970),
	(3709, 'Varen', 3953),
	(3710, 'Guttet-Feschel', 3956),
	(3711, 'Gampel', 3945),
	(3712, 'Niedergampel', 3945),
	(3713, 'Bratsch', 3957),
	(3714, 'Turtmann', 3946),
	(3715, 'Gruben', 3946),
	(3716, 'Unterems', 3948),
	(3717, 'Bovernier', 1932),
	(3718, 'Les Valettes (Bovernier)', 1932),
	(3719, 'Charrat', 1906),
	(3720, 'Fully', 1926),
	(3721, 'Isérables', 1914),
	(3722, 'Ovronnaz', 1911),
	(3723, 'Leytron', 1912),
	(3724, 'Produit (Leytron)', 1912),
	(3725, 'Montagnon (Leytron)', 1912),
	(3726, 'Dugny (Leytron)', 1912),
	(3727, 'Martigny', 1920),
	(3728, 'Martigny-Croix', 1921),
	(3729, 'Ravoire', 1928),
	(3730, 'Riddes', 1908),
	(3731, 'Auddes-sur-Riddes', 1914),
	(3732, 'La Tzoumaz', 1918),
	(3733, 'Saillon', 1913),
	(3734, 'Saillon', 1913),
	(3735, 'Saxon', 1907),
	(3736, 'Trient', 1929),
	(3737, 'Champéry', 1874),
	(3738, 'Collombey', 1868),
	(3739, 'Collombey', 1868),
	(3740, 'Muraz (Collombey)', 1893),
	(3741, 'Monthey', 1870),
	(3742, 'Monthey', 1870),
	(3743, 'Choëx', 1871),
	(3744, 'Les Giettes', 1871),
	(3745, 'Bouveret', 1897),
	(3746, 'Les Evouettes', 1897),
	(3747, 'St-Gingolph', 1898),
	(3748, 'Troistorrents', 1872),
	(3749, 'Morgins', 1875),
	(3750, 'Val-d\'Illiez', 1873),
	(3751, 'Champoussin', 1873),
	(3752, 'Les Crosets', 1873),
	(3753, 'Vionnaz', 1895),
	(3754, 'Torgon', 1899),
	(3755, 'Vouvry', 1896),
	(3756, 'Miex', 1896),
	(3757, 'Bister', 3983),
	(3758, 'Bitsch', 3982),
	(3759, 'Grengiols', 3993),
	(3760, 'Goppisberg', 3983),
	(3761, 'Greich', 3983),
	(3762, 'Ried-Mörel', 3986),
	(3763, 'Riederalp', 3987),
	(3764, 'Ausserberg', 3938),
	(3765, 'Blatten (Lötschen)', 3919),
	(3766, 'Bürchen', 3935),
	(3767, 'Eischoll', 3943),
	(3768, 'Ferden', 3916),
	(3769, 'Goppenstein', 3917),
	(3770, 'Kippel', 3917),
	(3771, 'Niedergesteln', 3942),
	(3772, 'Raron', 3942),
	(3773, 'St. German', 3942),
	(3774, 'Unterbäch VS', 3944),
	(3775, 'Wiler (Lötschen)', 3918),
	(3776, 'Mörel', 3983),
	(3777, 'Filet', 3983),
	(3778, 'Steg VS', 3940),
	(3779, 'Hohtenn', 3949),
	(3780, 'Betten', 3991),
	(3781, 'Bettmeralp', 3992),
	(3782, 'Martisberg', 3994),
	(3783, 'Collonges', 1903),
	(3784, 'Dorénaz', 1905),
	(3785, 'Evionnaz', 1902),
	(3786, 'Finhaut', 1925),
	(3787, 'Le Châtelard VS', 1925),
	(3788, 'Massongex', 1869),
	(3789, 'St-Maurice', 1890),
	(3790, 'Mex VS', 1890),
	(3791, 'Salvan', 1922),
	(3792, 'Les Granges (Salvan)', 1922),
	(3793, 'Les Marécottes', 1923),
	(3794, 'Le Trétien', 1923),
	(3795, 'Vernayaz', 1904),
	(3796, 'Vérossaz', 1891),
	(3797, 'Chalais', 3966),
	(3798, 'Réchy', 3966),
	(3799, 'Vercorin', 3967),
	(3800, 'Chippis', 3965),
	(3801, 'Grône', 3979),
	(3802, 'Icogne', 1977),
	(3803, 'Lens', 1978),
	(3804, 'Flanthey', 3978),
	(3805, 'Miège', 3972),
	(3806, 'St-Léonard', 1958),
	(3807, 'Sierre', 3960),
	(3808, 'Muraz (Sierre)', 3960),
	(3809, 'Noës', 3976),
	(3810, 'Granges VS', 3977),
	(3811, 'Venthône', 3973),
	(3812, 'Veyras', 3968),
	(3813, 'Niouc', 3960),
	(3814, 'Vissoie', 3961),
	(3815, 'St-Luc', 3961),
	(3816, 'Chandolin', 3961),
	(3817, 'Ayer', 3961),
	(3818, 'Zinal', 3961),
	(3819, 'Grimentz', 3961),
	(3820, 'Mission', 3961),
	(3821, 'St-Jean VS', 3961),
	(3822, 'Corin-de-la-Crête', 3960),
	(3823, 'Loc', 3960),
	(3824, 'Crans-Montana', 3963),
	(3825, 'Montana', 3963),
	(3826, 'Aminona', 3963),
	(3827, 'Chermignon', 3971),
	(3828, 'Chermignon-d\'en-Bas', 3971),
	(3829, 'Ollon VS', 3971),
	(3830, 'Mollens VS', 3974),
	(3831, 'Randogne', 3975),
	(3832, 'Champzabé', 3976),
	(3833, 'Arbaz', 1974),
	(3834, 'Grimisuat', 1971),
	(3835, 'Champlan (Grimisuat)', 1971),
	(3836, 'Savièse', 1965),
	(3837, 'Sion', 1950),
	(3838, 'Uvrier', 1958),
	(3839, 'Pont-de-la-Morge (Sion)', 1962),
	(3840, 'Bramois', 1967),
	(3841, 'Salins', 1991),
	(3842, 'Arvillard (Salins)', 1991),
	(3843, 'Pravidondaz (Salins)', 1991),
	(3844, 'Turin (Salins)', 1991),
	(3845, 'Misériez (Salins)', 1991),
	(3846, 'Les Agettes', 1992),
	(3847, 'Les Mayens-de-Sion', 1992),
	(3848, 'La Vernaz (Les Agettes)', 1992),
	(3849, 'Crête-à-l\'Oeil (Les Agettes)', 1992),
	(3850, 'Veysonnaz', 1993),
	(3851, 'Baltschieder', 3937),
	(3852, 'Baltschieder', 3937),
	(3853, 'Eisten', 3922),
	(3854, 'Kalpetran', 3922),
	(3855, 'Embd', 3926),
	(3856, 'Grächen', 3925),
	(3857, 'Lalden', 3931),
	(3858, 'Randa', 3928),
	(3859, 'Saas-Almagell', 3905),
	(3860, 'Saas-Balen', 3908),
	(3861, 'Saas-Fee', 3906),
	(3862, 'Saas-Grund', 3910),
	(3863, 'St. Niklaus VS', 3924),
	(3864, 'Herbriggen', 3927),
	(3865, 'Stalden VS', 3922),
	(3866, 'Staldenried', 3933),
	(3867, 'Täsch', 3929),
	(3868, 'Törbel', 3923),
	(3869, 'Visp', 3930),
	(3870, 'Eyholz', 3930),
	(3871, 'Visperterminen', 3932),
	(3872, 'Zeneggen', 3934),
	(3873, 'Zermatt', 3920),
	(3874, 'Areuse', 2015),
	(3875, 'Boudry', 2017),
	(3876, 'Corcelles NE', 2035),
	(3877, 'Cormondrèche', 2036),
	(3878, 'Cortaillod', 2016),
	(3879, 'Peseux', 2034),
	(3880, 'Rochefort', 2019),
	(3881, 'Chambrelien', 2019),
	(3882, 'Montezillon', 2037),
	(3883, 'Champ-du-Moulin', 2149),
	(3884, 'Fretereules', 2149),
	(3885, 'Brot-Dessous', 2149),
	(3886, 'Auvernier', 2012),
	(3887, 'Colombier NE', 2013),
	(3888, 'Bôle', 2014),
	(3889, 'Bevaix', 2022),
	(3890, 'Gorgier', 2023),
	(3891, 'St-Aubin-Sauges', 2024),
	(3892, 'Chez-le-Bart', 2025),
	(3893, 'Montalchez', 2027),
	(3894, 'Fresens', 2027),
	(3895, 'Vaumarcus', 2028),
	(3896, 'La Chaux-de-Fonds', 2300),
	(3897, 'La Cibourg', 2300),
	(3898, 'Le Crêt-du-Locle', 2322),
	(3899, 'La Cibourg', 2333),
	(3900, 'La Cibourg', 2616),
	(3901, 'Les Planchettes', 2325),
	(3902, 'La Sagne NE', 2314),
	(3903, 'Les Brenets', 2416),
	(3904, 'La Brévine', 2406),
	(3905, 'Les Taillères', 2406),
	(3906, 'La Châtagne', 2406),
	(3907, 'Le Brouillet', 2406),
	(3908, 'Brot-Plamboz', 2318),
	(3909, 'Le Cerneux-Péquignot', 2414),
	(3910, 'La Chaux-du-Milieu', 2405),
	(3911, 'Le Locle', 2400),
	(3912, 'Le Prévoux', 2400),
	(3913, 'Les Ponts-de-Martel', 2316),
	(3914, 'Petit-Martel', 2316),
	(3915, 'Cornaux NE', 2087),
	(3916, 'Cressier NE', 2088),
	(3917, 'Enges', 2073),
	(3918, 'Hauterive NE', 2068),
	(3919, 'Le Landeron', 2525),
	(3920, 'Lignières', 2523),
	(3921, 'Neuchâtel', 2000),
	(3922, 'Chaumont', 2067),
	(3923, 'St-Blaise', 2072),
	(3924, 'Marin-Epagnier', 2074),
	(3925, 'Thielle', 2075),
	(3926, 'Wavre', 2075),
	(3927, 'Valangin', 2042),
	(3928, 'Montmollin', 2037),
	(3929, 'Boudevilliers', 2043),
	(3930, 'Fontaines NE', 2046),
	(3931, 'Fontainemelon', 2052),
	(3932, 'La Vue-des-Alpes', 2052),
	(3933, 'Cernier', 2053),
	(3934, 'Chézard-St-Martin', 2054),
	(3935, 'Les Vieux-Prés', 2054),
	(3936, 'Dombresson', 2056),
	(3937, 'Villiers', 2057),
	(3938, 'Le Pâquier NE', 2058),
	(3939, 'Vilars NE', 2063),
	(3940, 'Engollon', 2063),
	(3941, 'Fenin', 2063),
	(3942, 'Saules', 2063),
	(3943, 'Savagnier', 2065),
	(3944, 'Les Geneveys-sur-Coffrane', 2206),
	(3945, 'Coffrane', 2207),
	(3946, 'Les Hauts-Geneveys', 2208),
	(3947, 'La Côte-aux-Fées', 2117),
	(3948, 'Les Verrières', 2126),
	(3949, 'Noiraigue', 2103),
	(3950, 'Travers', 2105),
	(3951, 'Couvet', 2108),
	(3952, 'Môtiers NE', 2112),
	(3953, 'Boveresse', 2113),
	(3954, 'Fleurier', 2114),
	(3955, 'Buttes', 2115),
	(3956, 'Mont-de-Buttes', 2116),
	(3957, 'St-Sulpice NE', 2123),
	(3958, 'Les Sagnettes', 2124),
	(3959, 'Les Bayards', 2127),
	(3960, 'Aire-la-Ville', 1288),
	(3961, 'Anières', 1247),
	(3962, 'Avully', 1237),
	(3963, 'Athenaz (Avusy)', 1285),
	(3964, 'La Croix-de-Rozon', 1257),
	(3965, 'Bellevue', 1293),
	(3966, 'Bernex', 1233),
	(3967, 'Carouge GE', 1227),
	(3968, 'Cartigny', 1236),
	(3969, 'Céligny', 1298),
	(3970, 'Céligny', 1298),
	(3971, 'Chancy', 1284),
	(3972, 'Chêne-Bougeries', 1224),
	(3973, 'Conches', 1231),
	(3974, 'Chêne-Bourg', 1225),
	(3975, 'Choulex', 1244),
	(3976, 'Collex', 1239),
	(3977, 'Vésenaz', 1222),
	(3978, 'Collonge-Bellerive', 1245),
	(3979, 'Cologny', 1223),
	(3980, 'Confignon', 1232),
	(3981, 'Corsier GE', 1246),
	(3982, 'La Plaine', 1283),
	(3983, 'Dardagny', 1283),
	(3984, 'Genève', 1201),
	(3985, 'Genève', 1202),
	(3986, 'Genève', 1203),
	(3987, 'Genève', 1204),
	(3988, 'Genève', 1205),
	(3989, 'Genève', 1206),
	(3990, 'Genève', 1207),
	(3991, 'Genève', 1208),
	(3992, 'Genève', 1209),
	(3993, 'Les Acacias', 1227),
	(3994, 'Genthod', 1294),
	(3995, 'Genève', 1215),
	(3996, 'Le Grand-Saconnex', 1218),
	(3997, 'Gy', 1251),
	(3998, 'Hermance', 1248),
	(3999, 'Jussy', 1254),
	(4000, 'Laconnex', 1287),
	(4001, 'Grand-Lancy', 1212),
	(4002, 'Petit-Lancy', 1213),
	(4003, 'Meinier', 1252),
	(4004, 'Cointrin', 1216),
	(4005, 'Meyrin', 1217),
	(4006, 'Onex', 1213),
	(4007, 'Perly', 1258),
	(4008, 'Plan-les-Ouates', 1228),
	(4009, 'Chambésy', 1292),
	(4010, 'Presinge', 1243),
	(4011, 'Puplinge', 1241),
	(4012, 'Russin', 1281),
	(4013, 'Satigny', 1242),
	(4014, 'Soral', 1286),
	(4015, 'Thônex', 1226),
	(4016, 'Troinex', 1256),
	(4017, 'Vandoeuvres', 1253),
	(4018, 'Vernier', 1214),
	(4019, 'Le Lignon', 1219),
	(4020, 'Aïre', 1219),
	(4021, 'Châtelaine', 1219),
	(4022, 'Les Avanchets', 1220),
	(4023, 'Versoix', 1290),
	(4024, 'Vessy', 1234),
	(4025, 'Veyrier', 1255),
	(4026, 'Boécourt', 2856),
	(4027, 'Montavon', 2857),
	(4028, 'Bourrignon', 2803),
	(4029, 'Châtillon JU', 2843),
	(4030, 'Courchapoix', 2825),
	(4031, 'Courrendlin', 2830),
	(4032, 'Vellerat', 2830),
	(4033, 'Rebeuvelier', 2832),
	(4034, 'Courroux', 2822),
	(4035, 'Courcelon', 2823),
	(4036, 'Courtételle', 2852),
	(4037, 'Delémont', 2800),
	(4038, 'Develier', 2802),
	(4039, 'Ederswiler', 2813),
	(4040, 'Mervelier', 2827),
	(4041, 'Mettembert', 2806),
	(4042, 'Movelier', 2812),
	(4043, 'Pleigne', 2807),
	(4044, 'Lucelle', 2807),
	(4045, 'Rossemaison', 2842),
	(4046, 'Saulcy', 2873),
	(4047, 'Soyhières', 2805),
	(4048, 'Courfaivre', 2853),
	(4049, 'Bassecourt', 2854),
	(4050, 'Glovelier', 2855),
	(4051, 'Undervelier', 2863),
	(4052, 'Soulce', 2864),
	(4053, 'Vicques', 2824),
	(4054, 'Corban', 2826),
	(4055, 'Montsevelier', 2828),
	(4056, 'Vermes', 2829),
	(4057, 'Le Bémont JU', 2360),
	(4058, 'Les Bois', 2336),
	(4059, 'Les Breuleux', 2345),
	(4060, 'La Chaux-des-Breuleux', 2345),
	(4061, 'Les Enfers', 2363),
	(4062, 'Les Genevez JU', 2714),
	(4063, 'Le Prédame', 2714),
	(4064, 'Lajoux JU', 2718),
	(4065, 'Fornet-Dessus', 2718),
	(4066, 'Montfaucon', 2362),
	(4067, 'Montfavergier', 2362),
	(4068, 'Les Emibois', 2338),
	(4069, 'Muriaux', 2338),
	(4070, 'Le Cerneux-Veusil', 2345),
	(4071, 'Le Noirmont', 2340),
	(4072, 'Saignelégier', 2350),
	(4073, 'Les Pommerats', 2353),
	(4074, 'Goumois', 2354),
	(4075, 'St-Brais', 2364),
	(4076, 'St-Ursanne', 2882),
	(4077, 'Soubey', 2887),
	(4078, 'Alle', 2942),
	(4079, 'Beurnevésin', 2935),
	(4080, 'Boncourt', 2926),
	(4081, 'Bonfol', 2944),
	(4082, 'Bure', 2915),
	(4083, 'Coeuve', 2932),
	(4084, 'Cornol', 2952),
	(4085, 'Courchavon', 2922),
	(4086, 'Courgenay', 2950),
	(4087, 'Courtemautruy', 2950),
	(4088, 'Courtedoux', 2905),
	(4089, 'Damphreux', 2933),
	(4090, 'Fahy', 2916),
	(4091, 'Fontenais', 2902),
	(4092, 'Villars-sur-Fontenais', 2903),
	(4093, 'Bressaucourt', 2904),
	(4094, 'Grandfontaine', 2908),
	(4095, 'Lugnez', 2933),
	(4096, 'Porrentruy', 2900),
	(4097, 'Vendlincourt', 2943),
	(4098, 'Courtemaîche', 2923),
	(4099, 'Montignez', 2924),
	(4100, 'Buix', 2925),
	(4101, 'St-Ursanne', 2882),
	(4102, 'Montmelon', 2883),
	(4103, 'Montenol', 2884),
	(4104, 'Epauvillers', 2885),
	(4105, 'Epiquerez', 2886),
	(4106, 'Seleute', 2888),
	(4107, 'Ocourt', 2889),
	(4108, 'Chevenez', 2906),
	(4109, 'Rocourt', 2907),
	(4110, 'Réclère', 2912),
	(4111, 'Roche-d\'Or', 2912),
	(4112, 'Damvant', 2914),
	(4113, 'Miécourt', 2946),
	(4114, 'Charmoille', 2947),
	(4115, 'Fregiécourt', 2953),
	(4116, 'Pleujouse', 2953),
	(4117, 'Asuel', 2954),
	(4118, 'Vaduz', 9490),
	(4119, 'Triesen', 9495),
	(4120, 'Balzers', 9496),
	(4121, 'Triesenberg', 9497),
	(4122, 'Schaan', 9494),
	(4123, 'Planken', 9498),
	(4124, 'Nendeln', 9485),
	(4125, 'Eschen', 9492),
	(4126, 'Schaanwald', 9486),
	(4127, 'Mauren FL', 9493),
	(4128, 'Gamprin-Bendern', 9487),
	(4129, 'Ruggell', 9491),
	(4130, 'Schellenberg', 9488),
	(4131, 'Thunersee', 9999),
	(4132, 'Brienzersee', 9999),
	(4133, 'Bielersee', 9999);
/*!40000 ALTER TABLE `cities` ENABLE KEYS */;

-- Listage de la structure de la table costam_ecommerce. countries
DROP TABLE IF EXISTS `countries`;
CREATE TABLE IF NOT EXISTS `countries` (
  `id` int(11) NOT NULL AUTO_INCREMENT,
  `name` varchar(45) NOT NULL,
  PRIMARY KEY (`id`)
) ENGINE=InnoDB AUTO_INCREMENT=211 DEFAULT CHARSET=utf8;

-- Listage des données de la table costam_ecommerce.countries : ~210 rows (environ)
/*!40000 ALTER TABLE `countries` DISABLE KEYS */;
INSERT INTO `countries` (`id`, `name`) VALUES
	(1, 'Afghanistan'),
	(2, 'Albania'),
	(3, 'Algeria'),
	(4, 'America'),
	(5, 'Andorra'),
	(6, 'Angola'),
	(7, 'Antigua'),
	(8, 'Argentina'),
	(9, 'Armenia'),
	(10, 'Australia'),
	(11, 'Austria'),
	(12, 'Azerbaijan'),
	(13, 'Bahamas'),
	(14, 'Bahrain'),
	(15, 'Bangladesh'),
	(16, 'Barbados'),
	(17, 'Belarus'),
	(18, 'Belgium'),
	(19, 'Belize'),
	(20, 'Benin'),
	(21, 'Bhutan'),
	(22, 'Bissau'),
	(23, 'Bolivia'),
	(24, 'Bosnia'),
	(25, 'Botswana'),
	(26, 'Brazil'),
	(27, 'British'),
	(28, 'Brunei'),
	(29, 'Bulgaria'),
	(30, 'Burkina'),
	(31, 'Burma'),
	(32, 'Burundi'),
	(33, 'Cambodia'),
	(34, 'Cameroon'),
	(35, 'Canada'),
	(36, 'Cape Verde'),
	(37, 'Central African Republic'),
	(38, 'Chad'),
	(39, 'Chile'),
	(40, 'China'),
	(41, 'Colombia'),
	(42, 'Comoros'),
	(43, 'Congo'),
	(44, 'Costa Rica'),
	(45, 'country debt'),
	(46, 'Croatia'),
	(47, 'Cuba'),
	(48, 'Cyprus'),
	(49, 'Czech'),
	(50, 'Denmark'),
	(51, 'Djibouti'),
	(52, 'Dominica'),
	(53, 'East Timor'),
	(54, 'Ecuador'),
	(55, 'Egypt'),
	(56, 'El Salvador'),
	(57, 'Emirate'),
	(58, 'England'),
	(59, 'Eritrea'),
	(60, 'Estonia'),
	(61, 'Ethiopia'),
	(62, 'Fiji'),
	(63, 'Finland'),
	(64, 'France'),
	(65, 'Gabon'),
	(66, 'Gambia'),
	(67, 'Georgia'),
	(68, 'Germany'),
	(69, 'Ghana'),
	(70, 'Great Britain'),
	(71, 'Greece'),
	(72, 'Grenada'),
	(73, 'Grenadines'),
	(74, 'Guatemala'),
	(75, 'Guinea'),
	(76, 'Guyana'),
	(77, 'Haiti'),
	(78, 'Herzegovina'),
	(79, 'Honduras'),
	(80, 'Hungary'),
	(81, 'Iceland'),
	(82, 'in usa'),
	(83, 'India'),
	(84, 'Indonesia'),
	(85, 'Iran'),
	(86, 'Iraq'),
	(87, 'Ireland'),
	(88, 'Israel'),
	(89, 'Italy'),
	(90, 'Ivory Coast'),
	(91, 'Jamaica'),
	(92, 'Japan'),
	(93, 'Jordan'),
	(94, 'Kazakhstan'),
	(95, 'Kenya'),
	(96, 'Kiribati'),
	(97, 'Korea'),
	(98, 'Kosovo'),
	(99, 'Kuwait'),
	(100, 'Kyrgyzstan'),
	(101, 'Laos'),
	(102, 'Latvia'),
	(103, 'Lebanon'),
	(104, 'Lesotho'),
	(105, 'Liberia'),
	(106, 'Libya'),
	(107, 'Liechtenstein'),
	(108, 'Lithuania'),
	(109, 'Luxembourg'),
	(110, 'Macedonia'),
	(111, 'Madagascar'),
	(112, 'Malawi'),
	(113, 'Malaysia'),
	(114, 'Maldives'),
	(115, 'Mali'),
	(116, 'Malta'),
	(117, 'Marshall'),
	(118, 'Mauritania'),
	(119, 'Mauritius'),
	(120, 'Mexico'),
	(121, 'Micronesia'),
	(122, 'Moldova'),
	(123, 'Monaco'),
	(124, 'Mongolia'),
	(125, 'Montenegro'),
	(126, 'Morocco'),
	(127, 'Mozambique'),
	(128, 'Myanmar'),
	(129, 'Namibia'),
	(130, 'Nauru'),
	(131, 'Nepal'),
	(132, 'Netherlands'),
	(133, 'New Zealand'),
	(134, 'Nicaragua'),
	(135, 'Niger'),
	(136, 'Nigeria'),
	(137, 'Norway'),
	(138, 'Oman'),
	(139, 'Pakistan'),
	(140, 'Palau'),
	(141, 'Panama'),
	(142, 'Papua'),
	(143, 'Paraguay'),
	(144, 'Peru'),
	(145, 'Philippines'),
	(146, 'Poland'),
	(147, 'Portugal'),
	(148, 'Qatar'),
	(149, 'Romania'),
	(150, 'Russia'),
	(151, 'Rwanda'),
	(152, 'Samoa'),
	(153, 'San Marino'),
	(154, 'Sao Tome'),
	(155, 'Saudi Arabia'),
	(156, 'scotland'),
	(157, 'scottish'),
	(158, 'Senegal'),
	(159, 'Serbia'),
	(160, 'Seychelles'),
	(161, 'Sierra Leone'),
	(162, 'Singapore'),
	(163, 'Slovakia'),
	(164, 'Slovenia'),
	(165, 'Solomon'),
	(166, 'Somalia'),
	(167, 'South Africa'),
	(168, 'South Sudan'),
	(169, 'Spain'),
	(170, 'Sri Lanka'),
	(171, 'St. Kitts'),
	(172, 'St. Lucia'),
	(173, 'St Kitts'),
	(174, 'St Lucia'),
	(175, 'Saint Kitts'),
	(176, 'Santa Lucia'),
	(177, 'Sudan'),
	(178, 'Suriname'),
	(179, 'Swaziland'),
	(180, 'Sweden'),
	(181, 'Switzerland'),
	(182, 'Syria'),
	(183, 'Taiwan'),
	(184, 'Tajikistan'),
	(185, 'Tanzania'),
	(186, 'Thailand'),
	(187, 'Tobago'),
	(188, 'Togo'),
	(189, 'Tonga'),
	(190, 'Trinidad'),
	(191, 'Tunisia'),
	(192, 'Turkey'),
	(193, 'Turkmenistan'),
	(194, 'Tuvalu'),
	(195, 'Uganda'),
	(196, 'Ukraine'),
	(197, 'United Kingdom'),
	(198, 'United States'),
	(199, 'Uruguay'),
	(200, 'USA'),
	(201, 'Uzbekistan'),
	(202, 'Vanuatu'),
	(203, 'Vatican'),
	(204, 'Venezuela'),
	(205, 'Vietnam'),
	(206, 'wales'),
	(207, 'welsh'),
	(208, 'Yemen'),
	(209, 'Zambia'),
	(210, 'Zimbabwe');
/*!40000 ALTER TABLE `countries` ENABLE KEYS */;

-- Listage de la structure de la table costam_ecommerce. customers
DROP TABLE IF EXISTS `customers`;
CREATE TABLE IF NOT EXISTS `customers` (
  `id` int(11) NOT NULL AUTO_INCREMENT,
  `name` varchar(35) NOT NULL,
  `firstname` varchar(35) NOT NULL,
  `address` varchar(40) NOT NULL,
  `email` varchar(35) NOT NULL,
  `password` varchar(255) NOT NULL,
  `city_id` int(11) NOT NULL,
  PRIMARY KEY (`id`),
  KEY `fk_Customers_Cities1_idx` (`city_id`),
  CONSTRAINT `fk_Customers_Cities1` FOREIGN KEY (`city_id`) REFERENCES `cities` (`id`) ON UPDATE CASCADE
) ENGINE=InnoDB AUTO_INCREMENT=12 DEFAULT CHARSET=utf8;

-- Listage des données de la table costam_ecommerce.customers : ~8 rows (environ)
/*!40000 ALTER TABLE `customers` DISABLE KEYS */;
INSERT INTO `customers` (`id`, `name`, `firstname`, `address`, `email`, `password`, `city_id`) VALUES
	(1, 'Costa Cabral', 'Mauricio', 'Rue Derrière-La-Ville 2', 'm.costa-cabral@cpnv.ch', '81dc9bdb52d04dc20036dbd8313ed055', 3457),
	(2, 'DuPont', 'Jean', 'Rue De la Paix 6', 'j.dupont@cpnv.ch', '81dc9bdb52d04dc20036dbd8313ed055', 3460),
	(3, 'Obama', 'Barack', 'Rue de la Maison Blanche 78', 'b.obama@cpnv.ch', '81dc9bdb52d04dc20036dbd8313ed055', 3461),
	(4, 'Kirchner', 'Luana', 'Chemin amoureux 26', 'l.kirchner@cpnv.ch', '$2y$10$CUp8juE.ZfQ7IPpmwe14beo9UQpUzGpe/gjt/WqQ8Sg7lUg93las2', 3457),
	(5, 'Cabral', 'Telmo', 'Chemin de l\'histoire 24', 't.cabral@cpnv.ch', '$2y$10$3hmPadfG0akUdGpLfBAOHeuLvmz5Hw4eNI3K5KKhOgn0ZPgmwNPdS', 3344),
	(7, 'Momo', 'Coco', 'Rue de l\'arbre', 'm.coco@cpnv.ch', '$2y$10$Vdbr/3QQmFwXTlYj9mUJ8e1jYVV3O810wdr6w4r/2CCKuJ2vpZ03y', 3457),
	(8, 'Paulo', 'Cabral', 'Rue Derrière-La-Ville 2', 'p.cabral@cpnv.ch', '$2y$10$9u79xhSnXTTEv/dCLC/KuePvwFCxYLqDiTa1xMWR1f.m3d90mRFPe', 3460),
	(9, 'Cabral', 'Alice', 'Rue Derrière-La-Ville 2', 'a.cabral@cpnv.ch', '$2y$10$30q6E4e2Sg5tlGympN449uP8rngVK4ehgcUPjj5h7q1fNrBVU5pra', 3460),
	(10, 'Dicaprio', 'Leonardo', 'Rue d\'HollyWood 8', 'user@cpnv.ch', '$2y$10$3hmPadfG0akUdGpLfBAOHeuLvmz5Hw4eNI3K5KKhOgn0ZPgmwNPdS', 3457),
	(11, 'Matt', 'Damon', 'Rue de Mars 8', 'm.damon@cpnv.ch', '$2y$10$65n1bYIn/2BRPHvFhGkaj.hN3Ar2MFG54ABT4NO24SWfsyVuT1vSC', 3457);
/*!40000 ALTER TABLE `customers` ENABLE KEYS */;

-- Listage de la structure de la table costam_ecommerce. genres
DROP TABLE IF EXISTS `genres`;
CREATE TABLE IF NOT EXISTS `genres` (
  `id` int(11) NOT NULL AUTO_INCREMENT,
  `name` varchar(20) NOT NULL,
  PRIMARY KEY (`id`)
) ENGINE=InnoDB AUTO_INCREMENT=24 DEFAULT CHARSET=utf8;

-- Listage des données de la table costam_ecommerce.genres : ~23 rows (environ)
/*!40000 ALTER TABLE `genres` DISABLE KEYS */;
INSERT INTO `genres` (`id`, `name`) VALUES
	(1, 'Rap'),
	(2, 'Pop'),
	(3, 'Dance'),
	(4, 'Rock'),
	(5, 'Classique'),
	(6, 'Techno'),
	(7, 'Variété française'),
	(8, 'Blues'),
	(9, 'Drum and bass'),
	(10, 'Funk'),
	(11, 'Gospel'),
	(12, 'Heavy metal'),
	(13, 'Jazz'),
	(14, 'Country'),
	(15, 'Folk'),
	(16, 'Latino'),
	(17, 'Soul'),
	(18, 'New age'),
	(19, 'Reggae'),
	(20, 'RnB'),
	(21, 'Dubstep'),
	(22, 'Electronique'),
	(23, 'EDM');
/*!40000 ALTER TABLE `genres` ENABLE KEYS */;

-- Listage de la structure de la table costam_ecommerce. labels
DROP TABLE IF EXISTS `labels`;
CREATE TABLE IF NOT EXISTS `labels` (
  `id` int(11) NOT NULL AUTO_INCREMENT,
  `name` varchar(35) NOT NULL,
  PRIMARY KEY (`id`)
) ENGINE=InnoDB AUTO_INCREMENT=45 DEFAULT CHARSET=utf8;

-- Listage des données de la table costam_ecommerce.labels : ~15 rows (environ)
/*!40000 ALTER TABLE `labels` DISABLE KEYS */;
INSERT INTO `labels` (`id`, `name`) VALUES
	(1, 'Island Records'),
	(2, 'Wrasse Records'),
	(3, 'RCA Records'),
	(4, 'The Island Def Jam'),
	(5, 'MJJ Productions Inc'),
	(6, 'Seine Zoo'),
	(7, 'Aftermath Records'),
	(8, 'Parlophone Records'),
	(9, 'Strauss Entertainment');
/*!40000 ALTER TABLE `labels` ENABLE KEYS */;

-- Listage de la structure de la table costam_ecommerce. musics
DROP TABLE IF EXISTS `musics`;
CREATE TABLE IF NOT EXISTS `musics` (
  `id` int(11) NOT NULL AUTO_INCREMENT,
  `title` varchar(60) NOT NULL,
  `pathFileMusic` varchar(80) NOT NULL,
  `duration` varchar(5) NOT NULL,
  `article_id` int(11) NOT NULL,
  PRIMARY KEY (`id`),
  KEY `fk_Musics_Articles1_idx` (`article_id`),
  CONSTRAINT `fk_Musics_Articles1` FOREIGN KEY (`article_id`) REFERENCES `articles` (`id`) ON DELETE CASCADE ON UPDATE CASCADE
) ENGINE=InnoDB AUTO_INCREMENT=169 DEFAULT CHARSET=utf8;

-- Listage des données de la table costam_ecommerce.musics : ~119 rows (environ)
/*!40000 ALTER TABLE `musics` DISABLE KEYS */;
INSERT INTO `musics` (`id`, `title`, `pathFileMusic`, `duration`, `article_id`) VALUES
	(1, 'Wake Me Up', '#', '04:07', 1),
	(2, 'You Make Me', '#', '03:53', 1),
	(3, 'Hey Brother', '#', '04:15', 1),
	(4, 'Addicted To You', '#', '02:28', 1),
	(5, 'Dear Boy', '#', '07:59', 1),
	(6, 'Liar Liar', '#', '03:59', 1),
	(7, 'Shame On Me', '#', '04:11', 1),
	(8, 'Lay Me Down', '#', '05:00', 1),
	(9, 'Hope There\'s Someone', '#', '06:21', 1),
	(10, 'Heart Upon My Sleeve', '#', '04:43', 1),
	(11, 'Canyons', '#', '07:29', 1),
	(12, 'All You Need Is Love', '#', '06:21', 1),
	(13, 'Alerte indigo', '#', '02:44', 2),
	(14, 'Encore temps', '#', '02:52', 2),
	(15, 'Todo Esta Bien', '#', '03:14', 2),
	(16, 'Viens', '#', '02:46', 2),
	(17, 'Sorry un peu', '#', '02:51', 2),
	(18, 'Namaste', '#', '03:47', 2),
	(19, 'La mélo', '#', '02:49', 2),
	(20, 'Love, Love, Love', '#', '03:06', 2),
	(21, 'Baraka', '#', '04:01', 2),
	(22, 'Au mieux le meilleur', '#', '02:51', 2),
	(23, 'Peau lisse Man', '#', '02:53', 2),
	(24, 'Le chemin', '#', '03:42', 2),
	(25, 'Need U', '#', '04:08', 3),
	(26, 'Missin U', '#', '04:09', 3),
	(27, 'No Limit (feat. Young Thug)', '#', '03:49', 3),
	(28, 'Bump', '#', '04:07', 3),
	(29, 'Let Me', '#', '03:10', 3),
	(30, 'Downtime', '#', '03:29', 3),
	(31, 'Crash', '#', '03:31', 3),
	(32, 'Make U A Believer', '#', '04:07', 3),
	(33, 'Mind Of A Man', '#', '00:54', 3),
	(34, 'FWM', '#', '03:15', 3),
	(35, 'Rivals (feat. Future)', '#', '03:50', 3),
	(36, 'Tell Me', '#', '08:29', 3),
	(37, 'Hard II Love', '#', '03:23', 3),
	(38, 'Stronger', '#', '04:00', 3),
	(39, 'Champions', '#', '05:18', 3),
	(40, 'Underclass Hero', '#', '03:14', 4),
	(41, 'Walking Disaster', '#', '04:46', 4),
	(42, 'Speak Of The Devil', '#', '03:59', 4),
	(43, 'Dear Father', '#', '03:52', 4),
	(44, 'Count Your Last Blessings', '#', '03:04', 4),
	(45, 'Ma Poubelle', '#', '00:56', 4),
	(46, 'March Of The Dogs', '#', '03:09', 4),
	(47, 'The Jester', '#', '02:48', 4),
	(48, 'With Me', '#', '04:51', 4),
	(49, 'Pull The Curtain', '#', '04:19', 4),
	(50, 'King Of Contradiction', '#', '01:41', 4),
	(51, 'Best Of Me', '#', '04:26', 4),
	(52, 'Confusion And Frustration In Modern Times', '#', '03:46', 4),
	(53, 'So Long Goodbye', '#', '03:02', 4),
	(54, 'The Ringer', '#', '05:38', 7),
	(55, 'Greatest', '#', '03:47', 7),
	(56, 'Lucky You (feat. Joyner Lucas)', '#', '04:05', 7),
	(57, 'Paul - Skit', '#', '00:35', 7),
	(58, 'Normal', '#', '03:42', 7),
	(59, 'Em Calls Paul - Skit', '#', '00:49', 7),
	(60, 'Stepping Stone', '#', '05:10', 7),
	(61, 'Not Alike (feat. Royce Da 59)', '#', '04:48', 7),
	(62, 'Kamikaze', '#', '03:36', 7),
	(63, 'Fall', '#', '04:22', 7),
	(64, 'Nice Guy (with Jessie Reyez)', '#', '02:31', 7),
	(65, 'Good Guy (feat. Jessie Reyez)', '#', '02:22', 7),
	(66, 'Venom - Music From The Motion Picture', '#', '04:30', 7),
	(67, 'Wanna Be Startin\' Somethin\'', '#', '06:03', 5),
	(68, 'Baby Be Mine', '#', '04:21', 5),
	(69, 'The Girl Is Mine (with Paul McCartney)', '#', '03:42', 5),
	(70, 'Thriller', '#', '05:58', 5),
	(71, 'Beat It - Single Version', '#', '04:18', 5),
	(72, 'Billie Jean', '#', '04:54', 5),
	(73, 'Human Nature', '#', '04:06', 5),
	(74, 'P.Y.T. (Pretty Young Thing)', '#', '03:59', 5),
	(75, 'The Lady in My Life', '#', '05:00', 5),
	(76, 'Intro', '#', '03:34', 9),
	(77, 'Chocolat', '#', '02:42', 9),
	(78, 'Malade', '#', '03:12', 9),
	(79, 'Coeur des hommes', '#', '03:12', 9),
	(80, 'Parano (with -M-)', '#', '03:23', 9),
	(81, 'Soleil', '#', '02:52', 9),
	(82, 'Bobo', '#', '02:51', 9),
	(83, 'Solo', '#', '04:08', 9),
	(84, '194', '#', '04:47', 9),
	(85, 'Normal', '#', '03:15', 9),
	(86, '3 Etoiles', '#', '03:43', 9),
	(87, 'Interlude', '#', '01:48', 9),
	(88, 'Viseur', '#', '02:47', 9),
	(89, 'Kuneditdoen (with Zwangere Guy)', '#', '03:34', 9),
	(90, 'La Belgique Afrique', '#', '03:06', 9),
	(91, 'T\'es bonne', '#', '02:50', 9),
	(92, 'Dis-moi', '#', '04:11', 9),
	(93, 'En silence (with Témé Tan)', '#', '03:22', 9),
	(94, 'Perdu (with Damon Albarn)', '#', '03:30', 9),
	(95, 'Humanoïde', '#', '06:26', 6),
	(96, 'Mauvaise graine', '#', '03:58', 6),
	(97, 'Squa', '#', '04:01', 6),
	(98, 'Réalité augmentée', '#', '04:10', 6),
	(99, 'Avant tu riais', '#', '05:06', 6),
	(100, 'Esquimaux', '#', '03:25', 6),
	(101, 'O.D', '#', '04:02', 6),
	(102, 'Vinyle', '#', '04:52', 6),
	(103, 'Saturne', '#', '06:03', 6),
	(104, 'Galatée', '#', '03:54', 6),
	(105, 'Le regard des gens', '#', '03:29', 6),
	(106, 'Programmé', '#', '03:36', 6),
	(107, 'Besoin de sens', '#', '03:50', 6),
	(108, 'Nekketsu', '#', '03:35', 6),
	(109, 'A Head Full of Dreams', '#', '03:44', 8),
	(110, 'Birds', '#', '03:49', 8),
	(111, 'Hymn for the Weekend', '#', '04:19', 8),
	(112, 'Everglow', '#', '04:43', 8),
	(113, 'Adventure of a Lifetime', '#', '04:24', 8),
	(114, 'Fun (feat. Tove Lo)', '#', '04:28', 8),
	(115, 'Kaleidoscope', '#', '01:52', 8),
	(116, 'Army of One', '#', '06:17', 8),
	(117, 'Amazing Day', '#', '04:31', 8),
	(118, 'Colour Spectrum', '#', '01:00', 8),
	(119, 'Up&Up', '#', '06:45', 8);
/*!40000 ALTER TABLE `musics` ENABLE KEYS */;

-- Listage de la structure de la table costam_ecommerce. orders
DROP TABLE IF EXISTS `orders`;
CREATE TABLE IF NOT EXISTS `orders` (
  `id` int(11) NOT NULL AUTO_INCREMENT,
  `customer_id` int(11) NOT NULL,
  `orderDate` date NOT NULL,
  PRIMARY KEY (`id`),
  KEY `fk_Orders_Customers1_idx` (`customer_id`),
  CONSTRAINT `fk_Orders_Customers1` FOREIGN KEY (`customer_id`) REFERENCES `customers` (`id`)
) ENGINE=InnoDB AUTO_INCREMENT=27 DEFAULT CHARSET=utf8;

-- Listage des données de la table costam_ecommerce.orders : ~17 rows (environ)
/*!40000 ALTER TABLE `orders` DISABLE KEYS */;
INSERT INTO `orders` (`id`, `customer_id`, `orderDate`) VALUES
	(1, 5, '2015-07-08'),
	(2, 2, '2018-08-12'),
	(3, 5, '2020-03-05'),
	(4, 2, '2020-03-05'),
	(5, 5, '2020-03-27'),
	(6, 5, '2020-03-27'),
	(7, 5, '2020-03-27'),
	(8, 5, '2020-03-27'),
	(9, 5, '2020-03-27'),
	(10, 5, '2020-03-27'),
	(11, 5, '2020-03-27'),
	(12, 5, '2020-03-27'),
	(13, 5, '2020-03-27'),
	(14, 5, '2020-03-27'),
	(15, 5, '2020-03-27'),
	(16, 5, '2020-03-27'),
	(17, 5, '2020-03-27'),
	(18, 5, '2020-03-30'),
	(19, 5, '2020-03-31'),
	(20, 5, '2020-03-31'),
	(21, 5, '2020-03-31'),
	(22, 5, '2020-04-02'),
	(23, 5, '2020-04-02'),
	(24, 5, '2020-04-02'),
	(25, 5, '2020-04-02'),
	(26, 5, '2020-04-02');
/*!40000 ALTER TABLE `orders` ENABLE KEYS */;

-- Listage de la structure de la table costam_ecommerce. orders_has_articles
DROP TABLE IF EXISTS `orders_has_articles`;
CREATE TABLE IF NOT EXISTS `orders_has_articles` (
  `id` int(11) NOT NULL AUTO_INCREMENT,
  `Orders_id` int(11) NOT NULL,
  `Articles_id` int(11) DEFAULT NULL,
  `Quantity` smallint(3) NOT NULL,
  PRIMARY KEY (`id`),
  KEY `fk_Orders_has_Articles_Articles1_idx` (`Articles_id`),
  KEY `fk_Orders_has_Articles_Orders1_idx` (`Orders_id`),
  CONSTRAINT `fk_Orders_has_articles_Articles1` FOREIGN KEY (`Articles_id`) REFERENCES `articles` (`id`) ON DELETE SET NULL
) ENGINE=InnoDB AUTO_INCREMENT=28 DEFAULT CHARSET=utf8;

-- Listage des données de la table costam_ecommerce.orders_has_articles : ~24 rows (environ)
/*!40000 ALTER TABLE `orders_has_articles` DISABLE KEYS */;
INSERT INTO `orders_has_articles` (`id`, `Orders_id`, `Articles_id`, `Quantity`) VALUES
	(1, 1, 5, 2),
	(2, 1, 8, 1),
	(3, 1, 1, 1),
	(4, 2, 9, 5),
	(5, 3, 6, 1),
	(6, 3, 7, 2),
	(7, 1, 9, 1),
	(8, 4, 4, 5),
	(9, 5, 1, 1),
	(10, 5, 5, 2),
	(11, 6, 8, 1),
	(12, 6, 7, 1),
	(13, 7, 5, 1),
	(14, 9, 4, 1),
	(15, 10, 4, 1),
	(16, 11, 5, 1),
	(17, 13, 5, 1),
	(18, 14, 5, 1),
	(19, 16, 2, 1),
	(20, 18, 6, 1),
	(21, 18, 9, 1),
	(22, 19, 1, 2),
	(23, 20, 4, 1),
	(24, 21, 1, 1),
	(25, 22, NULL, 1),
	(26, 22, 4, 1),
	(27, 23, 4, 9);
/*!40000 ALTER TABLE `orders_has_articles` ENABLE KEYS */;

-- Listage de la structure de la table costam_ecommerce. vinyleformats
DROP TABLE IF EXISTS `vinyleformats`;
CREATE TABLE IF NOT EXISTS `vinyleformats` (
  `id` int(11) NOT NULL AUTO_INCREMENT,
  `name` varchar(10) NOT NULL,
  PRIMARY KEY (`id`)
) ENGINE=InnoDB AUTO_INCREMENT=5 DEFAULT CHARSET=utf8;

-- Listage des données de la table costam_ecommerce.vinyleformats : ~4 rows (environ)
/*!40000 ALTER TABLE `vinyleformats` DISABLE KEYS */;
INSERT INTO `vinyleformats` (`id`, `name`) VALUES
	(1, '7\'\''),
	(2, '10\'\''),
	(3, '12\'\''),
	(4, 'Phonoscope');
/*!40000 ALTER TABLE `vinyleformats` ENABLE KEYS */;

/*!40101 SET SQL_MODE=IFNULL(@OLD_SQL_MODE, '') */;
/*!40014 SET FOREIGN_KEY_CHECKS=IF(@OLD_FOREIGN_KEY_CHECKS IS NULL, 1, @OLD_FOREIGN_KEY_CHECKS) */;
/*!40101 SET CHARACTER_SET_CLIENT=@OLD_CHARACTER_SET_CLIENT */;
